datetime_utc,spot_price_target_t+1,spot_price_target_t+2,spot_price_target_t+3,spot_price_target_t+4,spot_price_target_t+5,spot_price_target_t+6,spot_price_target_t+7
2016-06-30 00:00:00+00:00,22.667083333333334,20.75125,20.066666666666666,22.660833333333333,22.1775,20.221666666666668,22.78708333333333
2016-07-01 00:00:00+00:00,20.75125,20.066666666666666,22.660833333333333,22.1775,20.221666666666668,22.78708333333333,23.182916666666667
2016-07-02 00:00:00+00:00,20.066666666666666,22.660833333333333,22.1775,20.221666666666668,22.78708333333333,23.182916666666667,22.232916666666668
2016-07-03 00:00:00+00:00,22.660833333333333,22.1775,20.221666666666668,22.78708333333333,23.182916666666667,22.232916666666668,22.157083333333333
2016-07-04 00:00:00+00:00,22.1775,20.221666666666668,22.78708333333333,23.182916666666667,22.232916666666668,22.157083333333333,22.37
2016-07-05 00:00:00+00:00,20.221666666666668,22.78708333333333,23.182916666666667,22.232916666666668,22.157083333333333,22.37,23.212083333333336
2016-07-06 00:00:00+00:00,22.78708333333333,23.182916666666667,22.232916666666668,22.157083333333333,22.37,23.212083333333336,23.27625
2016-07-07 00:00:00+00:00,23.182916666666667,22.232916666666668,22.157083333333333,22.37,23.212083333333336,23.27625,23.284166666666664
2016-07-08 00:00:00+00:00,22.232916666666668,22.157083333333333,22.37,23.212083333333336,23.27625,23.284166666666664,23.296666666666667
2016-07-09 00:00:00+00:00,22.157083333333333,22.37,23.212083333333336,23.27625,23.284166666666664,23.296666666666667,23.202916666666667
2016-07-10 00:00:00+00:00,22.37,23.212083333333336,23.27625,23.284166666666664,23.296666666666667,23.202916666666667,22.90041666666667
2016-07-11 00:00:00+00:00,23.212083333333336,23.27625,23.284166666666664,23.296666666666667,23.202916666666667,22.90041666666667,24.355833333333333
2016-07-12 00:00:00+00:00,23.27625,23.284166666666664,23.296666666666667,23.202916666666667,22.90041666666667,24.355833333333333,24.639166666666668
2016-07-13 00:00:00+00:00,23.284166666666664,23.296666666666667,23.202916666666667,22.90041666666667,24.355833333333333,24.639166666666668,24.443749999999998
2016-07-14 00:00:00+00:00,23.296666666666667,23.202916666666667,22.90041666666667,24.355833333333333,24.639166666666668,24.443749999999998,24.745416666666667
2016-07-15 00:00:00+00:00,23.202916666666667,22.90041666666667,24.355833333333333,24.639166666666668,24.443749999999998,24.745416666666667,25.146666666666665
2016-07-16 00:00:00+00:00,22.90041666666667,24.355833333333333,24.639166666666668,24.443749999999998,24.745416666666667,25.146666666666665,25.422916666666666
2016-07-17 00:00:00+00:00,24.355833333333333,24.639166666666668,24.443749999999998,24.745416666666667,25.146666666666665,25.422916666666666,25.115
2016-07-18 00:00:00+00:00,24.639166666666668,24.443749999999998,24.745416666666667,25.146666666666665,25.422916666666666,25.115,25.247083333333336
2016-07-19 00:00:00+00:00,24.443749999999998,24.745416666666667,25.146666666666665,25.422916666666666,25.115,25.247083333333336,24.944999999999997
2016-07-20 00:00:00+00:00,24.745416666666667,25.146666666666665,25.422916666666666,25.115,25.247083333333336,24.944999999999997,24.858333333333334
2016-07-21 00:00:00+00:00,25.146666666666665,25.422916666666666,25.115,25.247083333333336,24.944999999999997,24.858333333333334,24.33791666666667
2016-07-22 00:00:00+00:00,25.422916666666666,25.115,25.247083333333336,24.944999999999997,24.858333333333334,24.33791666666667,24.200833333333332
2016-07-23 00:00:00+00:00,25.115,25.247083333333336,24.944999999999997,24.858333333333334,24.33791666666667,24.200833333333332,24.325833333333335
2016-07-24 00:00:00+00:00,25.247083333333336,24.944999999999997,24.858333333333334,24.33791666666667,24.200833333333332,24.325833333333335,23.766666666666666
2016-07-25 00:00:00+00:00,24.944999999999997,24.858333333333334,24.33791666666667,24.200833333333332,24.325833333333335,23.766666666666666,24.010833333333334
2016-07-26 00:00:00+00:00,24.858333333333334,24.33791666666667,24.200833333333332,24.325833333333335,23.766666666666666,24.010833333333334,23.909583333333334
2016-07-27 00:00:00+00:00,24.33791666666667,24.200833333333332,24.325833333333335,23.766666666666666,24.010833333333334,23.909583333333334,22.867083333333337
2016-07-28 00:00:00+00:00,24.200833333333332,24.325833333333335,23.766666666666666,24.010833333333334,23.909583333333334,22.867083333333337,21.575
2016-07-29 00:00:00+00:00,24.325833333333335,23.766666666666666,24.010833333333334,23.909583333333334,22.867083333333337,21.575,22.131666666666664
2016-07-30 00:00:00+00:00,23.766666666666666,24.010833333333334,23.909583333333334,22.867083333333337,21.575,22.131666666666664,21.0225
2016-07-31 00:00:00+00:00,24.010833333333334,23.909583333333334,22.867083333333337,21.575,22.131666666666664,21.0225,18.919999999999998
2016-08-01 00:00:00+00:00,23.909583333333334,22.867083333333337,21.575,22.131666666666664,21.0225,18.919999999999998,18.64375
2016-08-02 00:00:00+00:00,22.867083333333337,21.575,22.131666666666664,21.0225,18.919999999999998,18.64375,19.996666666666666
2016-08-03 00:00:00+00:00,21.575,22.131666666666664,21.0225,18.919999999999998,18.64375,19.996666666666666,21.187083333333334
2016-08-04 00:00:00+00:00,22.131666666666664,21.0225,18.919999999999998,18.64375,19.996666666666666,21.187083333333334,21.50708333333333
2016-08-05 00:00:00+00:00,21.0225,18.919999999999998,18.64375,19.996666666666666,21.187083333333334,21.50708333333333,20.930833333333332
2016-08-06 00:00:00+00:00,18.919999999999998,18.64375,19.996666666666666,21.187083333333334,21.50708333333333,20.930833333333332,18.738333333333333
2016-08-07 00:00:00+00:00,18.64375,19.996666666666666,21.187083333333334,21.50708333333333,20.930833333333332,18.738333333333333,19.762083333333333
2016-08-08 00:00:00+00:00,19.996666666666666,21.187083333333334,21.50708333333333,20.930833333333332,18.738333333333333,19.762083333333333,20.39
2016-08-09 00:00:00+00:00,21.187083333333334,21.50708333333333,20.930833333333332,18.738333333333333,19.762083333333333,20.39,20.930416666666666
2016-08-10 00:00:00+00:00,21.50708333333333,20.930833333333332,18.738333333333333,19.762083333333333,20.39,20.930416666666666,21.220000000000002
2016-08-11 00:00:00+00:00,20.930833333333332,18.738333333333333,19.762083333333333,20.39,20.930416666666666,21.220000000000002,21.280416666666667
2016-08-12 00:00:00+00:00,18.738333333333333,19.762083333333333,20.39,20.930416666666666,21.220000000000002,21.280416666666667,22.025000000000002
2016-08-13 00:00:00+00:00,19.762083333333333,20.39,20.930416666666666,21.220000000000002,21.280416666666667,22.025000000000002,21.769166666666667
2016-08-14 00:00:00+00:00,20.39,20.930416666666666,21.220000000000002,21.280416666666667,22.025000000000002,21.769166666666667,19.983333333333334
2016-08-15 00:00:00+00:00,20.930416666666666,21.220000000000002,21.280416666666667,22.025000000000002,21.769166666666667,19.983333333333334,22.190416666666664
2016-08-16 00:00:00+00:00,21.220000000000002,21.280416666666667,22.025000000000002,21.769166666666667,19.983333333333334,22.190416666666664,22.67625
2016-08-17 00:00:00+00:00,21.280416666666667,22.025000000000002,21.769166666666667,19.983333333333334,22.190416666666664,22.67625,22.839583333333334
2016-08-18 00:00:00+00:00,22.025000000000002,21.769166666666667,19.983333333333334,22.190416666666664,22.67625,22.839583333333334,22.758750000000003
2016-08-19 00:00:00+00:00,21.769166666666667,19.983333333333334,22.190416666666664,22.67625,22.839583333333334,22.758750000000003,22.370416666666667
2016-08-20 00:00:00+00:00,19.983333333333334,22.190416666666664,22.67625,22.839583333333334,22.758750000000003,22.370416666666667,22.185
2016-08-21 00:00:00+00:00,22.190416666666664,22.67625,22.839583333333334,22.758750000000003,22.370416666666667,22.185,20.893333333333334
2016-08-22 00:00:00+00:00,22.67625,22.839583333333334,22.758750000000003,22.370416666666667,22.185,20.893333333333334,23.324166666666667
2016-08-23 00:00:00+00:00,22.839583333333334,22.758750000000003,22.370416666666667,22.185,20.893333333333334,23.324166666666667,23.81458333333333
2016-08-24 00:00:00+00:00,22.758750000000003,22.370416666666667,22.185,20.893333333333334,23.324166666666667,23.81458333333333,23.640416666666667
2016-08-25 00:00:00+00:00,22.370416666666667,22.185,20.893333333333334,23.324166666666667,23.81458333333333,23.640416666666667,23.088333333333335
2016-08-26 00:00:00+00:00,22.185,20.893333333333334,23.324166666666667,23.81458333333333,23.640416666666667,23.088333333333335,22.942916666666665
2016-08-27 00:00:00+00:00,20.893333333333334,23.324166666666667,23.81458333333333,23.640416666666667,23.088333333333335,22.942916666666665,22.9875
2016-08-28 00:00:00+00:00,23.324166666666667,23.81458333333333,23.640416666666667,23.088333333333335,22.942916666666665,22.9875,22.305000000000003
2016-08-29 00:00:00+00:00,23.81458333333333,23.640416666666667,23.088333333333335,22.942916666666665,22.9875,22.305000000000003,22.859166666666667
2016-08-30 00:00:00+00:00,23.640416666666667,23.088333333333335,22.942916666666665,22.9875,22.305000000000003,22.859166666666667,23.186666666666667
2016-08-31 00:00:00+00:00,23.088333333333335,22.942916666666665,22.9875,22.305000000000003,22.859166666666667,23.186666666666667,23.119583333333335
2016-09-01 00:00:00+00:00,22.942916666666665,22.9875,22.305000000000003,22.859166666666667,23.186666666666667,23.119583333333335,23.623333333333335
2016-09-02 00:00:00+00:00,22.9875,22.305000000000003,22.859166666666667,23.186666666666667,23.119583333333335,23.623333333333335,23.190416666666668
2016-09-03 00:00:00+00:00,22.305000000000003,22.859166666666667,23.186666666666667,23.119583333333335,23.623333333333335,23.190416666666668,23.40416666666667
2016-09-04 00:00:00+00:00,22.859166666666667,23.186666666666667,23.119583333333335,23.623333333333335,23.190416666666668,23.40416666666667,23.440833333333334
2016-09-05 00:00:00+00:00,23.186666666666667,23.119583333333335,23.623333333333335,23.190416666666668,23.40416666666667,23.440833333333334,23.755416666666665
2016-09-06 00:00:00+00:00,23.119583333333335,23.623333333333335,23.190416666666668,23.40416666666667,23.440833333333334,23.755416666666665,23.715833333333332
2016-09-07 00:00:00+00:00,23.623333333333335,23.190416666666668,23.40416666666667,23.440833333333334,23.755416666666665,23.715833333333332,23.76875
2016-09-08 00:00:00+00:00,23.190416666666668,23.40416666666667,23.440833333333334,23.755416666666665,23.715833333333332,23.76875,23.3025
2016-09-09 00:00:00+00:00,23.40416666666667,23.440833333333334,23.755416666666665,23.715833333333332,23.76875,23.3025,23.275833333333335
2016-09-10 00:00:00+00:00,23.440833333333334,23.755416666666665,23.715833333333332,23.76875,23.3025,23.275833333333335,23.64625
2016-09-11 00:00:00+00:00,23.755416666666665,23.715833333333332,23.76875,23.3025,23.275833333333335,23.64625,23.00375
2016-09-12 00:00:00+00:00,23.715833333333332,23.76875,23.3025,23.275833333333335,23.64625,23.00375,24.042916666666667
2016-09-13 00:00:00+00:00,23.76875,23.3025,23.275833333333335,23.64625,23.00375,24.042916666666667,24.04375
2016-09-14 00:00:00+00:00,23.3025,23.275833333333335,23.64625,23.00375,24.042916666666667,24.04375,24.350416666666664
2016-09-15 00:00:00+00:00,23.275833333333335,23.64625,23.00375,24.042916666666667,24.04375,24.350416666666664,24.049583333333334
2016-09-16 00:00:00+00:00,23.64625,23.00375,24.042916666666667,24.04375,24.350416666666664,24.049583333333334,24.007916666666663
2016-09-17 00:00:00+00:00,23.00375,24.042916666666667,24.04375,24.350416666666664,24.049583333333334,24.007916666666663,23.854583333333334
2016-09-18 00:00:00+00:00,24.042916666666667,24.04375,24.350416666666664,24.049583333333334,24.007916666666663,23.854583333333334,22.472916666666666
2016-09-19 00:00:00+00:00,24.04375,24.350416666666664,24.049583333333334,24.007916666666663,23.854583333333334,22.472916666666666,24.175833333333333
2016-09-20 00:00:00+00:00,24.350416666666664,24.049583333333334,24.007916666666663,23.854583333333334,22.472916666666666,24.175833333333333,23.447916666666668
2016-09-21 00:00:00+00:00,24.049583333333334,24.007916666666663,23.854583333333334,22.472916666666666,24.175833333333333,23.447916666666668,21.562083333333334
2016-09-22 00:00:00+00:00,24.007916666666663,23.854583333333334,22.472916666666666,24.175833333333333,23.447916666666668,21.562083333333334,20.812916666666666
2016-09-23 00:00:00+00:00,23.854583333333334,22.472916666666666,24.175833333333333,23.447916666666668,21.562083333333334,20.812916666666666,22.65041666666667
2016-09-24 00:00:00+00:00,22.472916666666666,24.175833333333333,23.447916666666668,21.562083333333334,20.812916666666666,22.65041666666667,24.22375
2016-09-25 00:00:00+00:00,24.175833333333333,23.447916666666668,21.562083333333334,20.812916666666666,22.65041666666667,24.22375,24.466250000000002
2016-09-26 00:00:00+00:00,23.447916666666668,21.562083333333334,20.812916666666666,22.65041666666667,24.22375,24.466250000000002,25.78625
2016-09-27 00:00:00+00:00,21.562083333333334,20.812916666666666,22.65041666666667,24.22375,24.466250000000002,25.78625,25.80125
2016-09-28 00:00:00+00:00,20.812916666666666,22.65041666666667,24.22375,24.466250000000002,25.78625,25.80125,26.260833333333334
2016-09-29 00:00:00+00:00,22.65041666666667,24.22375,24.466250000000002,25.78625,25.80125,26.260833333333334,26.870833333333334
2016-09-30 00:00:00+00:00,24.22375,24.466250000000002,25.78625,25.80125,26.260833333333334,26.870833333333334,27.428749999999997
2016-10-01 00:00:00+00:00,24.466250000000002,25.78625,25.80125,26.260833333333334,26.870833333333334,27.428749999999997,28.245416666666667
2016-10-02 00:00:00+00:00,25.78625,25.80125,26.260833333333334,26.870833333333334,27.428749999999997,28.245416666666667,28.739166666666666
2016-10-03 00:00:00+00:00,25.80125,26.260833333333334,26.870833333333334,27.428749999999997,28.245416666666667,28.739166666666666,29.12708333333333
2016-10-04 00:00:00+00:00,26.260833333333334,26.870833333333334,27.428749999999997,28.245416666666667,28.739166666666666,29.12708333333333,29.39625
2016-10-05 00:00:00+00:00,26.870833333333334,27.428749999999997,28.245416666666667,28.739166666666666,29.12708333333333,29.39625,29.572083333333335
2016-10-06 00:00:00+00:00,27.428749999999997,28.245416666666667,28.739166666666666,29.12708333333333,29.39625,29.572083333333335,29.74416666666667
2016-10-07 00:00:00+00:00,28.245416666666667,28.739166666666666,29.12708333333333,29.39625,29.572083333333335,29.74416666666667,29.30875
2016-10-08 00:00:00+00:00,28.739166666666666,29.12708333333333,29.39625,29.572083333333335,29.74416666666667,29.30875,29.843333333333334
2016-10-09 00:00:00+00:00,29.12708333333333,29.39625,29.572083333333335,29.74416666666667,29.30875,29.843333333333334,30.752916666666668
2016-10-10 00:00:00+00:00,29.39625,29.572083333333335,29.74416666666667,29.30875,29.843333333333334,30.752916666666668,30.834999999999997
2016-10-11 00:00:00+00:00,29.572083333333335,29.74416666666667,29.30875,29.843333333333334,30.752916666666668,30.834999999999997,32.093333333333334
2016-10-12 00:00:00+00:00,29.74416666666667,29.30875,29.843333333333334,30.752916666666668,30.834999999999997,32.093333333333334,32.79833333333333
2016-10-13 00:00:00+00:00,29.30875,29.843333333333334,30.752916666666668,30.834999999999997,32.093333333333334,32.79833333333333,33.742916666666666
2016-10-14 00:00:00+00:00,29.843333333333334,30.752916666666668,30.834999999999997,32.093333333333334,32.79833333333333,33.742916666666666,33.2025
2016-10-15 00:00:00+00:00,30.752916666666668,30.834999999999997,32.093333333333334,32.79833333333333,33.742916666666666,33.2025,33.55041666666667
2016-10-16 00:00:00+00:00,30.834999999999997,32.093333333333334,32.79833333333333,33.742916666666666,33.2025,33.55041666666667,33.78541666666667
2016-10-17 00:00:00+00:00,32.093333333333334,32.79833333333333,33.742916666666666,33.2025,33.55041666666667,33.78541666666667,35.0325
2016-10-18 00:00:00+00:00,32.79833333333333,33.742916666666666,33.2025,33.55041666666667,33.78541666666667,35.0325,35.48458333333333
2016-10-19 00:00:00+00:00,33.742916666666666,33.2025,33.55041666666667,33.78541666666667,35.0325,35.48458333333333,35.23375
2016-10-20 00:00:00+00:00,33.2025,33.55041666666667,33.78541666666667,35.0325,35.48458333333333,35.23375,34.660000000000004
2016-10-21 00:00:00+00:00,33.55041666666667,33.78541666666667,35.0325,35.48458333333333,35.23375,34.660000000000004,33.114583333333336
2016-10-22 00:00:00+00:00,33.78541666666667,35.0325,35.48458333333333,35.23375,34.660000000000004,33.114583333333336,32.98041666666666
2016-10-23 00:00:00+00:00,35.0325,35.48458333333333,35.23375,34.660000000000004,33.114583333333336,32.98041666666666,35.69413043478261
2016-10-24 00:00:00+00:00,35.48458333333333,35.23375,34.660000000000004,33.114583333333336,32.98041666666666,35.69413043478261,37.10333333333333
2016-10-25 00:00:00+00:00,35.23375,34.660000000000004,33.114583333333336,32.98041666666666,35.69413043478261,37.10333333333333,34.961666666666666
2016-10-26 00:00:00+00:00,34.660000000000004,33.114583333333336,32.98041666666666,35.69413043478261,37.10333333333333,34.961666666666666,37.17166666666667
2016-10-27 00:00:00+00:00,33.114583333333336,32.98041666666666,35.69413043478261,37.10333333333333,34.961666666666666,37.17166666666667,38.68625
2016-10-28 00:00:00+00:00,32.98041666666666,35.69413043478261,37.10333333333333,34.961666666666666,37.17166666666667,38.68625,38.584583333333335
2016-10-29 00:00:00+00:00,35.69413043478261,37.10333333333333,34.961666666666666,37.17166666666667,38.68625,38.584583333333335,38.77375
2016-10-30 00:00:00+00:00,37.10333333333333,34.961666666666666,37.17166666666667,38.68625,38.584583333333335,38.77375,35.876666666666665
2016-10-31 00:00:00+00:00,34.961666666666666,37.17166666666667,38.68625,38.584583333333335,38.77375,35.876666666666665,41.24583333333333
2016-11-01 00:00:00+00:00,37.17166666666667,38.68625,38.584583333333335,38.77375,35.876666666666665,41.24583333333333,40.96208333333333
2016-11-02 00:00:00+00:00,38.68625,38.584583333333335,38.77375,35.876666666666665,41.24583333333333,40.96208333333333,44.04708333333334
2016-11-03 00:00:00+00:00,38.584583333333335,38.77375,35.876666666666665,41.24583333333333,40.96208333333333,44.04708333333334,39.860416666666666
2016-11-04 00:00:00+00:00,38.77375,35.876666666666665,41.24583333333333,40.96208333333333,44.04708333333334,39.860416666666666,40.31375
2016-11-05 00:00:00+00:00,35.876666666666665,41.24583333333333,40.96208333333333,44.04708333333334,39.860416666666666,40.31375,37.547916666666666
2016-11-06 00:00:00+00:00,41.24583333333333,40.96208333333333,44.04708333333334,39.860416666666666,40.31375,37.547916666666666,37.147083333333335
2016-11-07 00:00:00+00:00,40.96208333333333,44.04708333333334,39.860416666666666,40.31375,37.547916666666666,37.147083333333335,36.47166666666667
2016-11-08 00:00:00+00:00,44.04708333333334,39.860416666666666,40.31375,37.547916666666666,37.147083333333335,36.47166666666667,36.13583333333333
2016-11-09 00:00:00+00:00,39.860416666666666,40.31375,37.547916666666666,37.147083333333335,36.47166666666667,36.13583333333333,35.981249999999996
2016-11-10 00:00:00+00:00,40.31375,37.547916666666666,37.147083333333335,36.47166666666667,36.13583333333333,35.981249999999996,35.07
2016-11-11 00:00:00+00:00,37.547916666666666,37.147083333333335,36.47166666666667,36.13583333333333,35.981249999999996,35.07,33.90208333333333
2016-11-12 00:00:00+00:00,37.147083333333335,36.47166666666667,36.13583333333333,35.981249999999996,35.07,33.90208333333333,34.74666666666666
2016-11-13 00:00:00+00:00,36.47166666666667,36.13583333333333,35.981249999999996,35.07,33.90208333333333,34.74666666666666,33.57375
2016-11-14 00:00:00+00:00,36.13583333333333,35.981249999999996,35.07,33.90208333333333,34.74666666666666,33.57375,36.61708333333333
2016-11-15 00:00:00+00:00,35.981249999999996,35.07,33.90208333333333,34.74666666666666,33.57375,36.61708333333333,36.06333333333333
2016-11-16 00:00:00+00:00,35.07,33.90208333333333,34.74666666666666,33.57375,36.61708333333333,36.06333333333333,36.26208333333333
2016-11-17 00:00:00+00:00,33.90208333333333,34.74666666666666,33.57375,36.61708333333333,36.06333333333333,36.26208333333333,36.02
2016-11-18 00:00:00+00:00,34.74666666666666,33.57375,36.61708333333333,36.06333333333333,36.26208333333333,36.02,35.64875
2016-11-19 00:00:00+00:00,33.57375,36.61708333333333,36.06333333333333,36.26208333333333,36.02,35.64875,32.64541666666667
2016-11-20 00:00:00+00:00,36.61708333333333,36.06333333333333,36.26208333333333,36.02,35.64875,32.64541666666667,33.13666666666666
2016-11-21 00:00:00+00:00,36.06333333333333,36.26208333333333,36.02,35.64875,32.64541666666667,33.13666666666666,36.263333333333335
2016-11-22 00:00:00+00:00,36.26208333333333,36.02,35.64875,32.64541666666667,33.13666666666666,36.263333333333335,34.235
2016-11-23 00:00:00+00:00,36.02,35.64875,32.64541666666667,33.13666666666666,36.263333333333335,34.235,33.02583333333333
2016-11-24 00:00:00+00:00,35.64875,32.64541666666667,33.13666666666666,36.263333333333335,34.235,33.02583333333333,32.43958333333333
2016-11-25 00:00:00+00:00,32.64541666666667,33.13666666666666,36.263333333333335,34.235,33.02583333333333,32.43958333333333,34.657916666666665
2016-11-26 00:00:00+00:00,33.13666666666666,36.263333333333335,34.235,33.02583333333333,32.43958333333333,34.657916666666665,34.919583333333335
2016-11-27 00:00:00+00:00,36.263333333333335,34.235,33.02583333333333,32.43958333333333,34.657916666666665,34.919583333333335,34.16291666666667
2016-11-28 00:00:00+00:00,34.235,33.02583333333333,32.43958333333333,34.657916666666665,34.919583333333335,34.16291666666667,33.556666666666665
2016-11-29 00:00:00+00:00,33.02583333333333,32.43958333333333,34.657916666666665,34.919583333333335,34.16291666666667,33.556666666666665,33.35208333333333
2016-11-30 00:00:00+00:00,32.43958333333333,34.657916666666665,34.919583333333335,34.16291666666667,33.556666666666665,33.35208333333333,31.365416666666665
2016-12-01 00:00:00+00:00,34.657916666666665,34.919583333333335,34.16291666666667,33.556666666666665,33.35208333333333,31.365416666666665,29.93166666666667
2016-12-02 00:00:00+00:00,34.919583333333335,34.16291666666667,33.556666666666665,33.35208333333333,31.365416666666665,29.93166666666667,29.52208333333333
2016-12-03 00:00:00+00:00,34.16291666666667,33.556666666666665,33.35208333333333,31.365416666666665,29.93166666666667,29.52208333333333,29.527083333333334
2016-12-04 00:00:00+00:00,33.556666666666665,33.35208333333333,31.365416666666665,29.93166666666667,29.52208333333333,29.527083333333334,29.62708333333333
2016-12-05 00:00:00+00:00,33.35208333333333,31.365416666666665,29.93166666666667,29.52208333333333,29.527083333333334,29.62708333333333,31.330416666666665
2016-12-06 00:00:00+00:00,31.365416666666665,29.93166666666667,29.52208333333333,29.527083333333334,29.62708333333333,31.330416666666665,31.852500000000003
2016-12-07 00:00:00+00:00,29.93166666666667,29.52208333333333,29.527083333333334,29.62708333333333,31.330416666666665,31.852500000000003,32.41833333333333
2016-12-08 00:00:00+00:00,29.52208333333333,29.527083333333334,29.62708333333333,31.330416666666665,31.852500000000003,32.41833333333333,32.212916666666665
2016-12-09 00:00:00+00:00,29.527083333333334,29.62708333333333,31.330416666666665,31.852500000000003,32.41833333333333,32.212916666666665,31.88291666666667
2016-12-10 00:00:00+00:00,29.62708333333333,31.330416666666665,31.852500000000003,32.41833333333333,32.212916666666665,31.88291666666667,31.601249999999997
2016-12-11 00:00:00+00:00,31.330416666666665,31.852500000000003,32.41833333333333,32.212916666666665,31.88291666666667,31.601249999999997,31.075416666666666
2016-12-12 00:00:00+00:00,31.852500000000003,32.41833333333333,32.212916666666665,31.88291666666667,31.601249999999997,31.075416666666666,31.575
2016-12-13 00:00:00+00:00,32.41833333333333,32.212916666666665,31.88291666666667,31.601249999999997,31.075416666666666,31.575,30.948333333333334
2016-12-14 00:00:00+00:00,32.212916666666665,31.88291666666667,31.601249999999997,31.075416666666666,31.575,30.948333333333334,29.675
2016-12-15 00:00:00+00:00,31.88291666666667,31.601249999999997,31.075416666666666,31.575,30.948333333333334,29.675,29.21666666666667
2016-12-16 00:00:00+00:00,31.601249999999997,31.075416666666666,31.575,30.948333333333334,29.675,29.21666666666667,28.3925
2016-12-17 00:00:00+00:00,31.075416666666666,31.575,30.948333333333334,29.675,29.21666666666667,28.3925,28.14125
2016-12-18 00:00:00+00:00,31.575,30.948333333333334,29.675,29.21666666666667,28.3925,28.14125,28.284166666666668
2016-12-19 00:00:00+00:00,30.948333333333334,29.675,29.21666666666667,28.3925,28.14125,28.284166666666668,28.155
2016-12-20 00:00:00+00:00,29.675,29.21666666666667,28.3925,28.14125,28.284166666666668,28.155,28.33458333333333
2016-12-21 00:00:00+00:00,29.21666666666667,28.3925,28.14125,28.284166666666668,28.155,28.33458333333333,30.245833333333334
2016-12-22 00:00:00+00:00,28.3925,28.14125,28.284166666666668,28.155,28.33458333333333,30.245833333333334,30.020833333333332
2016-12-23 00:00:00+00:00,28.14125,28.284166666666668,28.155,28.33458333333333,30.245833333333334,30.020833333333332,29.312083333333334
2016-12-24 00:00:00+00:00,28.284166666666668,28.155,28.33458333333333,30.245833333333334,30.020833333333332,29.312083333333334,28.238333333333333
2016-12-25 00:00:00+00:00,28.155,28.33458333333333,30.245833333333334,30.020833333333332,29.312083333333334,28.238333333333333,29.102500000000003
2016-12-26 00:00:00+00:00,28.33458333333333,30.245833333333334,30.020833333333332,29.312083333333334,28.238333333333333,29.102500000000003,30.993333333333336
2016-12-27 00:00:00+00:00,30.245833333333334,30.020833333333332,29.312083333333334,28.238333333333333,29.102500000000003,30.993333333333336,30.151666666666667
2016-12-28 00:00:00+00:00,30.020833333333332,29.312083333333334,28.238333333333333,29.102500000000003,30.993333333333336,30.151666666666667,30.058333333333334
2016-12-29 00:00:00+00:00,29.312083333333334,28.238333333333333,29.102500000000003,30.993333333333336,30.151666666666667,30.058333333333334,32.794999999999995
2016-12-30 00:00:00+00:00,28.238333333333333,29.102500000000003,30.993333333333336,30.151666666666667,30.058333333333334,32.794999999999995,30.96875
2016-12-31 00:00:00+00:00,29.102500000000003,30.993333333333336,30.151666666666667,30.058333333333334,32.794999999999995,30.96875,30.194999999999997
2017-01-01 00:00:00+00:00,30.993333333333336,30.151666666666667,30.058333333333334,32.794999999999995,30.96875,30.194999999999997,30.743333333333336
2017-01-02 00:00:00+00:00,30.151666666666667,30.058333333333334,32.794999999999995,30.96875,30.194999999999997,30.743333333333336,30.455
2017-01-03 00:00:00+00:00,30.058333333333334,32.794999999999995,30.96875,30.194999999999997,30.743333333333336,30.455,29.834999999999997
2017-01-04 00:00:00+00:00,32.794999999999995,30.96875,30.194999999999997,30.743333333333336,30.455,29.834999999999997,28.165000000000003
2017-01-05 00:00:00+00:00,30.96875,30.194999999999997,30.743333333333336,30.455,29.834999999999997,28.165000000000003,28.985416666666666
2017-01-06 00:00:00+00:00,30.194999999999997,30.743333333333336,30.455,29.834999999999997,28.165000000000003,28.985416666666666,31.462500000000002
2017-01-07 00:00:00+00:00,30.743333333333336,30.455,29.834999999999997,28.165000000000003,28.985416666666666,31.462500000000002,30.279583333333335
2017-01-08 00:00:00+00:00,30.455,29.834999999999997,28.165000000000003,28.985416666666666,31.462500000000002,30.279583333333335,30.979166666666668
2017-01-09 00:00:00+00:00,29.834999999999997,28.165000000000003,28.985416666666666,31.462500000000002,30.279583333333335,30.979166666666668,35.782916666666665
2017-01-10 00:00:00+00:00,28.165000000000003,28.985416666666666,31.462500000000002,30.279583333333335,30.979166666666668,35.782916666666665,31.714583333333334
2017-01-11 00:00:00+00:00,28.985416666666666,31.462500000000002,30.279583333333335,30.979166666666668,35.782916666666665,31.714583333333334,29.762083333333333
2017-01-12 00:00:00+00:00,31.462500000000002,30.279583333333335,30.979166666666668,35.782916666666665,31.714583333333334,29.762083333333333,29.11
2017-01-13 00:00:00+00:00,30.279583333333335,30.979166666666668,35.782916666666665,31.714583333333334,29.762083333333333,29.11,28.737083333333334
2017-01-14 00:00:00+00:00,30.979166666666668,35.782916666666665,31.714583333333334,29.762083333333333,29.11,28.737083333333334,28.76833333333333
2017-01-15 00:00:00+00:00,35.782916666666665,31.714583333333334,29.762083333333333,29.11,28.737083333333334,28.76833333333333,29.057916666666667
2017-01-16 00:00:00+00:00,31.714583333333334,29.762083333333333,29.11,28.737083333333334,28.76833333333333,29.057916666666667,29.484166666666667
2017-01-17 00:00:00+00:00,29.762083333333333,29.11,28.737083333333334,28.76833333333333,29.057916666666667,29.484166666666667,30.872083333333332
2017-01-18 00:00:00+00:00,29.11,28.737083333333334,28.76833333333333,29.057916666666667,29.484166666666667,30.872083333333332,29.793333333333333
2017-01-19 00:00:00+00:00,28.737083333333334,28.76833333333333,29.057916666666667,29.484166666666667,30.872083333333332,29.793333333333333,29.988333333333333
2017-01-20 00:00:00+00:00,28.76833333333333,29.057916666666667,29.484166666666667,30.872083333333332,29.793333333333333,29.988333333333333,30.47791666666667
2017-01-21 00:00:00+00:00,29.057916666666667,29.484166666666667,30.872083333333332,29.793333333333333,29.988333333333333,30.47791666666667,29.404583333333335
2017-01-22 00:00:00+00:00,29.484166666666667,30.872083333333332,29.793333333333333,29.988333333333333,30.47791666666667,29.404583333333335,28.66875
2017-01-23 00:00:00+00:00,30.872083333333332,29.793333333333333,29.988333333333333,30.47791666666667,29.404583333333335,28.66875,30.447916666666668
2017-01-24 00:00:00+00:00,29.793333333333333,29.988333333333333,30.47791666666667,29.404583333333335,28.66875,30.447916666666668,30.851249999999997
2017-01-25 00:00:00+00:00,29.988333333333333,30.47791666666667,29.404583333333335,28.66875,30.447916666666668,30.851249999999997,30.642083333333332
2017-01-26 00:00:00+00:00,30.47791666666667,29.404583333333335,28.66875,30.447916666666668,30.851249999999997,30.642083333333332,31.385416666666668
2017-01-27 00:00:00+00:00,29.404583333333335,28.66875,30.447916666666668,30.851249999999997,30.642083333333332,31.385416666666668,32.18958333333333
2017-01-28 00:00:00+00:00,28.66875,30.447916666666668,30.851249999999997,30.642083333333332,31.385416666666668,32.18958333333333,31.94875
2017-01-29 00:00:00+00:00,30.447916666666668,30.851249999999997,30.642083333333332,31.385416666666668,32.18958333333333,31.94875,31.689166666666665
2017-01-30 00:00:00+00:00,30.851249999999997,30.642083333333332,31.385416666666668,32.18958333333333,31.94875,31.689166666666665,32.69958333333333
2017-01-31 00:00:00+00:00,30.642083333333332,31.385416666666668,32.18958333333333,31.94875,31.689166666666665,32.69958333333333,32.567083333333336
2017-02-01 00:00:00+00:00,31.385416666666668,32.18958333333333,31.94875,31.689166666666665,32.69958333333333,32.567083333333336,33.322916666666664
2017-02-02 00:00:00+00:00,32.18958333333333,31.94875,31.689166666666665,32.69958333333333,32.567083333333336,33.322916666666664,35.53625
2017-02-03 00:00:00+00:00,31.94875,31.689166666666665,32.69958333333333,32.567083333333336,33.322916666666664,35.53625,33.5925
2017-02-04 00:00:00+00:00,31.689166666666665,32.69958333333333,32.567083333333336,33.322916666666664,35.53625,33.5925,32.18875
2017-02-05 00:00:00+00:00,32.69958333333333,32.567083333333336,33.322916666666664,35.53625,33.5925,32.18875,31.63875
2017-02-06 00:00:00+00:00,32.567083333333336,33.322916666666664,35.53625,33.5925,32.18875,31.63875,33.415416666666665
2017-02-07 00:00:00+00:00,33.322916666666664,35.53625,33.5925,32.18875,31.63875,33.415416666666665,32.79666666666667
2017-02-08 00:00:00+00:00,35.53625,33.5925,32.18875,31.63875,33.415416666666665,32.79666666666667,33.1325
2017-02-09 00:00:00+00:00,33.5925,32.18875,31.63875,33.415416666666665,32.79666666666667,33.1325,31.522499999999997
2017-02-10 00:00:00+00:00,32.18875,31.63875,33.415416666666665,32.79666666666667,33.1325,31.522499999999997,31.351249999999997
2017-02-11 00:00:00+00:00,31.63875,33.415416666666665,32.79666666666667,33.1325,31.522499999999997,31.351249999999997,30.324583333333333
2017-02-12 00:00:00+00:00,33.415416666666665,32.79666666666667,33.1325,31.522499999999997,31.351249999999997,30.324583333333333,30.25708333333333
2017-02-13 00:00:00+00:00,32.79666666666667,33.1325,31.522499999999997,31.351249999999997,30.324583333333333,30.25708333333333,30.519583333333333
2017-02-14 00:00:00+00:00,33.1325,31.522499999999997,31.351249999999997,30.324583333333333,30.25708333333333,30.519583333333333,30.349166666666665
2017-02-15 00:00:00+00:00,31.522499999999997,31.351249999999997,30.324583333333333,30.25708333333333,30.519583333333333,30.349166666666665,29.65125
2017-02-16 00:00:00+00:00,31.351249999999997,30.324583333333333,30.25708333333333,30.519583333333333,30.349166666666665,29.65125,30.88083333333333
2017-02-17 00:00:00+00:00,30.324583333333333,30.25708333333333,30.519583333333333,30.349166666666665,29.65125,30.88083333333333,31.29375
2017-02-18 00:00:00+00:00,30.25708333333333,30.519583333333333,30.349166666666665,29.65125,30.88083333333333,31.29375,30.566666666666666
2017-02-19 00:00:00+00:00,30.519583333333333,30.349166666666665,29.65125,30.88083333333333,31.29375,30.566666666666666,29.98875
2017-02-20 00:00:00+00:00,30.349166666666665,29.65125,30.88083333333333,31.29375,30.566666666666666,29.98875,30.891666666666666
2017-02-21 00:00:00+00:00,29.65125,30.88083333333333,31.29375,30.566666666666666,29.98875,30.891666666666666,30.539583333333336
2017-02-22 00:00:00+00:00,30.88083333333333,31.29375,30.566666666666666,29.98875,30.891666666666666,30.539583333333336,31.298333333333332
2017-02-23 00:00:00+00:00,31.29375,30.566666666666666,29.98875,30.891666666666666,30.539583333333336,31.298333333333332,31.095
2017-02-24 00:00:00+00:00,30.566666666666666,29.98875,30.891666666666666,30.539583333333336,31.298333333333332,31.095,31.58458333333333
2017-02-25 00:00:00+00:00,29.98875,30.891666666666666,30.539583333333336,31.298333333333332,31.095,31.58458333333333,30.60875
2017-02-26 00:00:00+00:00,30.891666666666666,30.539583333333336,31.298333333333332,31.095,31.58458333333333,30.60875,30.7175
2017-02-27 00:00:00+00:00,30.539583333333336,31.298333333333332,31.095,31.58458333333333,30.60875,30.7175,32.925000000000004
2017-02-28 00:00:00+00:00,31.298333333333332,31.095,31.58458333333333,30.60875,30.7175,32.925000000000004,41.18
2017-03-01 00:00:00+00:00,31.095,31.58458333333333,30.60875,30.7175,32.925000000000004,41.18,33.3975
2017-03-02 00:00:00+00:00,31.58458333333333,30.60875,30.7175,32.925000000000004,41.18,33.3975,32.3225
2017-03-03 00:00:00+00:00,30.60875,30.7175,32.925000000000004,41.18,33.3975,32.3225,31.74416666666667
2017-03-04 00:00:00+00:00,30.7175,32.925000000000004,41.18,33.3975,32.3225,31.74416666666667,31.010833333333334
2017-03-05 00:00:00+00:00,32.925000000000004,41.18,33.3975,32.3225,31.74416666666667,31.010833333333334,29.337083333333336
2017-03-06 00:00:00+00:00,41.18,33.3975,32.3225,31.74416666666667,31.010833333333334,29.337083333333336,31.56125
2017-03-07 00:00:00+00:00,33.3975,32.3225,31.74416666666667,31.010833333333334,29.337083333333336,31.56125,30.251666666666665
2017-03-08 00:00:00+00:00,32.3225,31.74416666666667,31.010833333333334,29.337083333333336,31.56125,30.251666666666665,30.137916666666666
2017-03-09 00:00:00+00:00,31.74416666666667,31.010833333333334,29.337083333333336,31.56125,30.251666666666665,30.137916666666666,30.79625
2017-03-10 00:00:00+00:00,31.010833333333334,29.337083333333336,31.56125,30.251666666666665,30.137916666666666,30.79625,29.54041666666667
2017-03-11 00:00:00+00:00,29.337083333333336,31.56125,30.251666666666665,30.137916666666666,30.79625,29.54041666666667,29.59
2017-03-12 00:00:00+00:00,31.56125,30.251666666666665,30.137916666666666,30.79625,29.54041666666667,29.59,29.39833333333333
2017-03-13 00:00:00+00:00,30.251666666666665,30.137916666666666,30.79625,29.54041666666667,29.59,29.39833333333333,31.23125
2017-03-14 00:00:00+00:00,30.137916666666666,30.79625,29.54041666666667,29.59,29.39833333333333,31.23125,29.911666666666665
2017-03-15 00:00:00+00:00,30.79625,29.54041666666667,29.59,29.39833333333333,31.23125,29.911666666666665,30.674583333333334
2017-03-16 00:00:00+00:00,29.54041666666667,29.59,29.39833333333333,31.23125,29.911666666666665,30.674583333333334,31.646666666666665
2017-03-17 00:00:00+00:00,29.59,29.39833333333333,31.23125,29.911666666666665,30.674583333333334,31.646666666666665,31.000833333333333
2017-03-18 00:00:00+00:00,29.39833333333333,31.23125,29.911666666666665,30.674583333333334,31.646666666666665,31.000833333333333,28.579583333333332
2017-03-19 00:00:00+00:00,31.23125,29.911666666666665,30.674583333333334,31.646666666666665,31.000833333333333,28.579583333333332,28.376666666666665
2017-03-20 00:00:00+00:00,29.911666666666665,30.674583333333334,31.646666666666665,31.000833333333333,28.579583333333332,28.376666666666665,29.7325
2017-03-21 00:00:00+00:00,30.674583333333334,31.646666666666665,31.000833333333333,28.579583333333332,28.376666666666665,29.7325,30.291666666666668
2017-03-22 00:00:00+00:00,31.646666666666665,31.000833333333333,28.579583333333332,28.376666666666665,29.7325,30.291666666666668,29.714583333333334
2017-03-23 00:00:00+00:00,31.000833333333333,28.579583333333332,28.376666666666665,29.7325,30.291666666666668,29.714583333333334,29.25708333333333
2017-03-24 00:00:00+00:00,28.579583333333332,28.376666666666665,29.7325,30.291666666666668,29.714583333333334,29.25708333333333,28.961250000000003
2017-03-25 00:00:00+00:00,28.376666666666665,29.7325,30.291666666666668,29.714583333333334,29.25708333333333,28.961250000000003,27.4875
2017-03-26 00:00:00+00:00,29.7325,30.291666666666668,29.714583333333334,29.25708333333333,28.961250000000003,27.4875,27.52541666666667
2017-03-27 00:00:00+00:00,30.291666666666668,29.714583333333334,29.25708333333333,28.961250000000003,27.4875,27.52541666666667,29.217083333333335
2017-03-28 00:00:00+00:00,29.714583333333334,29.25708333333333,28.961250000000003,27.4875,27.52541666666667,29.217083333333335,28.485833333333332
2017-03-29 00:00:00+00:00,29.25708333333333,28.961250000000003,27.4875,27.52541666666667,29.217083333333335,28.485833333333332,27.515833333333333
2017-03-30 00:00:00+00:00,28.961250000000003,27.4875,27.52541666666667,29.217083333333335,28.485833333333332,27.515833333333333,28.15833333333333
2017-03-31 00:00:00+00:00,27.4875,27.52541666666667,29.217083333333335,28.485833333333332,27.515833333333333,28.15833333333333,28.12875
2017-04-01 00:00:00+00:00,27.52541666666667,29.217083333333335,28.485833333333332,27.515833333333333,28.15833333333333,28.12875,28.3
2017-04-02 00:00:00+00:00,29.217083333333335,28.485833333333332,27.515833333333333,28.15833333333333,28.12875,28.3,26.85875
2017-04-03 00:00:00+00:00,28.485833333333332,27.515833333333333,28.15833333333333,28.12875,28.3,26.85875,26.812916666666666
2017-04-04 00:00:00+00:00,27.515833333333333,28.15833333333333,28.12875,28.3,26.85875,26.812916666666666,26.974999999999998
2017-04-05 00:00:00+00:00,28.15833333333333,28.12875,28.3,26.85875,26.812916666666666,26.974999999999998,27.492500000000003
2017-04-06 00:00:00+00:00,28.12875,28.3,26.85875,26.812916666666666,26.974999999999998,27.492500000000003,27.582916666666666
2017-04-07 00:00:00+00:00,28.3,26.85875,26.812916666666666,26.974999999999998,27.492500000000003,27.582916666666666,28.305833333333336
2017-04-08 00:00:00+00:00,26.85875,26.812916666666666,26.974999999999998,27.492500000000003,27.582916666666666,28.305833333333336,28.026666666666667
2017-04-09 00:00:00+00:00,26.812916666666666,26.974999999999998,27.492500000000003,27.582916666666666,28.305833333333336,28.026666666666667,28.890416666666667
2017-04-10 00:00:00+00:00,26.974999999999998,27.492500000000003,27.582916666666666,28.305833333333336,28.026666666666667,28.890416666666667,28.781666666666666
2017-04-11 00:00:00+00:00,27.492500000000003,27.582916666666666,28.305833333333336,28.026666666666667,28.890416666666667,28.781666666666666,33.204166666666666
2017-04-12 00:00:00+00:00,27.582916666666666,28.305833333333336,28.026666666666667,28.890416666666667,28.781666666666666,33.204166666666666,34.94541666666667
2017-04-13 00:00:00+00:00,28.305833333333336,28.026666666666667,28.890416666666667,28.781666666666666,33.204166666666666,34.94541666666667,29.807083333333335
2017-04-14 00:00:00+00:00,28.026666666666667,28.890416666666667,28.781666666666666,33.204166666666666,34.94541666666667,29.807083333333335,28.73125
2017-04-15 00:00:00+00:00,28.890416666666667,28.781666666666666,33.204166666666666,34.94541666666667,29.807083333333335,28.73125,28.445833333333336
2017-04-16 00:00:00+00:00,28.781666666666666,33.204166666666666,34.94541666666667,29.807083333333335,28.73125,28.445833333333336,28.719583333333333
2017-04-17 00:00:00+00:00,33.204166666666666,34.94541666666667,29.807083333333335,28.73125,28.445833333333336,28.719583333333333,29.344583333333333
2017-04-18 00:00:00+00:00,34.94541666666667,29.807083333333335,28.73125,28.445833333333336,28.719583333333333,29.344583333333333,33.1275
2017-04-19 00:00:00+00:00,29.807083333333335,28.73125,28.445833333333336,28.719583333333333,29.344583333333333,33.1275,34.12083333333333
2017-04-20 00:00:00+00:00,28.73125,28.445833333333336,28.719583333333333,29.344583333333333,33.1275,34.12083333333333,34.17333333333333
2017-04-21 00:00:00+00:00,28.445833333333336,28.719583333333333,29.344583333333333,33.1275,34.12083333333333,34.17333333333333,33.89208333333333
2017-04-22 00:00:00+00:00,28.719583333333333,29.344583333333333,33.1275,34.12083333333333,34.17333333333333,33.89208333333333,30.89375
2017-04-23 00:00:00+00:00,29.344583333333333,33.1275,34.12083333333333,34.17333333333333,33.89208333333333,30.89375,28.618333333333336
2017-04-24 00:00:00+00:00,33.1275,34.12083333333333,34.17333333333333,33.89208333333333,30.89375,28.618333333333336,28.695833333333336
2017-04-25 00:00:00+00:00,34.12083333333333,34.17333333333333,33.89208333333333,30.89375,28.618333333333336,28.695833333333336,31.17958333333333
2017-04-26 00:00:00+00:00,34.17333333333333,33.89208333333333,30.89375,28.618333333333336,28.695833333333336,31.17958333333333,31.05458333333333
2017-04-27 00:00:00+00:00,33.89208333333333,30.89375,28.618333333333336,28.695833333333336,31.17958333333333,31.05458333333333,29.97458333333333
2017-04-28 00:00:00+00:00,30.89375,28.618333333333336,28.695833333333336,31.17958333333333,31.05458333333333,29.97458333333333,30.647916666666664
2017-04-29 00:00:00+00:00,28.618333333333336,28.695833333333336,31.17958333333333,31.05458333333333,29.97458333333333,30.647916666666664,30.16625
2017-04-30 00:00:00+00:00,28.695833333333336,31.17958333333333,31.05458333333333,29.97458333333333,30.647916666666664,30.16625,28.42125
2017-05-01 00:00:00+00:00,31.17958333333333,31.05458333333333,29.97458333333333,30.647916666666664,30.16625,28.42125,30.517083333333332
2017-05-02 00:00:00+00:00,31.05458333333333,29.97458333333333,30.647916666666664,30.16625,28.42125,30.517083333333332,33.437083333333334
2017-05-03 00:00:00+00:00,29.97458333333333,30.647916666666664,30.16625,28.42125,30.517083333333332,33.437083333333334,35.09375
2017-05-04 00:00:00+00:00,30.647916666666664,30.16625,28.42125,30.517083333333332,33.437083333333334,35.09375,32.239583333333336
2017-05-05 00:00:00+00:00,30.16625,28.42125,30.517083333333332,33.437083333333334,35.09375,32.239583333333336,30.45375
2017-05-06 00:00:00+00:00,28.42125,30.517083333333332,33.437083333333334,35.09375,32.239583333333336,30.45375,30.143333333333334
2017-05-07 00:00:00+00:00,30.517083333333332,33.437083333333334,35.09375,32.239583333333336,30.45375,30.143333333333334,28.802916666666665
2017-05-08 00:00:00+00:00,33.437083333333334,35.09375,32.239583333333336,30.45375,30.143333333333334,28.802916666666665,31.463333333333335
2017-05-09 00:00:00+00:00,35.09375,32.239583333333336,30.45375,30.143333333333334,28.802916666666665,31.463333333333335,29.56125
2017-05-10 00:00:00+00:00,32.239583333333336,30.45375,30.143333333333334,28.802916666666665,31.463333333333335,29.56125,27.192916666666665
2017-05-11 00:00:00+00:00,30.45375,30.143333333333334,28.802916666666665,31.463333333333335,29.56125,27.192916666666665,27.115
2017-05-12 00:00:00+00:00,30.143333333333334,28.802916666666665,31.463333333333335,29.56125,27.192916666666665,27.115,26.88791666666667
2017-05-13 00:00:00+00:00,28.802916666666665,31.463333333333335,29.56125,27.192916666666665,27.115,26.88791666666667,23.552083333333332
2017-05-14 00:00:00+00:00,31.463333333333335,29.56125,27.192916666666665,27.115,26.88791666666667,23.552083333333332,19.004583333333333
2017-05-15 00:00:00+00:00,29.56125,27.192916666666665,27.115,26.88791666666667,23.552083333333332,19.004583333333333,25.90833333333333
2017-05-16 00:00:00+00:00,27.192916666666665,27.115,26.88791666666667,23.552083333333332,19.004583333333333,25.90833333333333,25.552083333333332
2017-05-17 00:00:00+00:00,27.115,26.88791666666667,23.552083333333332,19.004583333333333,25.90833333333333,25.552083333333332,25.532083333333333
2017-05-18 00:00:00+00:00,26.88791666666667,23.552083333333332,19.004583333333333,25.90833333333333,25.552083333333332,25.532083333333333,24.740416666666665
2017-05-19 00:00:00+00:00,23.552083333333332,19.004583333333333,25.90833333333333,25.552083333333332,25.532083333333333,24.740416666666665,25.81125
2017-05-20 00:00:00+00:00,19.004583333333333,25.90833333333333,25.552083333333332,25.532083333333333,24.740416666666665,25.81125,24.5325
2017-05-21 00:00:00+00:00,25.90833333333333,25.552083333333332,25.532083333333333,24.740416666666665,25.81125,24.5325,21.338333333333335
2017-05-22 00:00:00+00:00,25.552083333333332,25.532083333333333,24.740416666666665,25.81125,24.5325,21.338333333333335,26.07875
2017-05-23 00:00:00+00:00,25.532083333333333,24.740416666666665,25.81125,24.5325,21.338333333333335,26.07875,26.69541666666667
2017-05-24 00:00:00+00:00,24.740416666666665,25.81125,24.5325,21.338333333333335,26.07875,26.69541666666667,25.459999999999997
2017-05-25 00:00:00+00:00,25.81125,24.5325,21.338333333333335,26.07875,26.69541666666667,25.459999999999997,26.259583333333335
2017-05-26 00:00:00+00:00,24.5325,21.338333333333335,26.07875,26.69541666666667,25.459999999999997,26.259583333333335,27.034583333333334
2017-05-27 00:00:00+00:00,21.338333333333335,26.07875,26.69541666666667,25.459999999999997,26.259583333333335,27.034583333333334,26.32375
2017-05-28 00:00:00+00:00,26.07875,26.69541666666667,25.459999999999997,26.259583333333335,27.034583333333334,26.32375,24.46666666666667
2017-05-29 00:00:00+00:00,26.69541666666667,25.459999999999997,26.259583333333335,27.034583333333334,26.32375,24.46666666666667,24.795833333333334
2017-05-30 00:00:00+00:00,25.459999999999997,26.259583333333335,27.034583333333334,26.32375,24.46666666666667,24.795833333333334,20.429583333333333
2017-05-31 00:00:00+00:00,26.259583333333335,27.034583333333334,26.32375,24.46666666666667,24.795833333333334,20.429583333333333,18.312083333333334
2017-06-01 00:00:00+00:00,27.034583333333334,26.32375,24.46666666666667,24.795833333333334,20.429583333333333,18.312083333333334,23.330416666666665
2017-06-02 00:00:00+00:00,26.32375,24.46666666666667,24.795833333333334,20.429583333333333,18.312083333333334,23.330416666666665,24.87875
2017-06-03 00:00:00+00:00,24.46666666666667,24.795833333333334,20.429583333333333,18.312083333333334,23.330416666666665,24.87875,24.1825
2017-06-04 00:00:00+00:00,24.795833333333334,20.429583333333333,18.312083333333334,23.330416666666665,24.87875,24.1825,20.964166666666667
2017-06-05 00:00:00+00:00,20.429583333333333,18.312083333333334,23.330416666666665,24.87875,24.1825,20.964166666666667,21.765
2017-06-06 00:00:00+00:00,18.312083333333334,23.330416666666665,24.87875,24.1825,20.964166666666667,21.765,22.224999999999998
2017-06-07 00:00:00+00:00,23.330416666666665,24.87875,24.1825,20.964166666666667,21.765,22.224999999999998,24.145416666666666
2017-06-08 00:00:00+00:00,24.87875,24.1825,20.964166666666667,21.765,22.224999999999998,24.145416666666666,24.8
2017-06-09 00:00:00+00:00,24.1825,20.964166666666667,21.765,22.224999999999998,24.145416666666666,24.8,22.685833333333335
2017-06-10 00:00:00+00:00,20.964166666666667,21.765,22.224999999999998,24.145416666666666,24.8,22.685833333333335,22.317916666666665
2017-06-11 00:00:00+00:00,21.765,22.224999999999998,24.145416666666666,24.8,22.685833333333335,22.317916666666665,23.878333333333334
2017-06-12 00:00:00+00:00,22.224999999999998,24.145416666666666,24.8,22.685833333333335,22.317916666666665,23.878333333333334,24.729583333333334
2017-06-13 00:00:00+00:00,24.145416666666666,24.8,22.685833333333335,22.317916666666665,23.878333333333334,24.729583333333334,24.374583333333334
2017-06-14 00:00:00+00:00,24.8,22.685833333333335,22.317916666666665,23.878333333333334,24.729583333333334,24.374583333333334,24.8425
2017-06-15 00:00:00+00:00,22.685833333333335,22.317916666666665,23.878333333333334,24.729583333333334,24.374583333333334,24.8425,25.2975
2017-06-16 00:00:00+00:00,22.317916666666665,23.878333333333334,24.729583333333334,24.374583333333334,24.8425,25.2975,25.005416666666665
2017-06-17 00:00:00+00:00,23.878333333333334,24.729583333333334,24.374583333333334,24.8425,25.2975,25.005416666666665,22.47
2017-06-18 00:00:00+00:00,24.729583333333334,24.374583333333334,24.8425,25.2975,25.005416666666665,22.47,19.826666666666664
2017-06-19 00:00:00+00:00,24.374583333333334,24.8425,25.2975,25.005416666666665,22.47,19.826666666666664,22.730833333333333
2017-06-20 00:00:00+00:00,24.8425,25.2975,25.005416666666665,22.47,19.826666666666664,22.730833333333333,23.70958333333333
2017-06-21 00:00:00+00:00,25.2975,25.005416666666665,22.47,19.826666666666664,22.730833333333333,23.70958333333333,23.61791666666667
2017-06-22 00:00:00+00:00,25.005416666666665,22.47,19.826666666666664,22.730833333333333,23.70958333333333,23.61791666666667,23.247500000000002
2017-06-23 00:00:00+00:00,22.47,19.826666666666664,22.730833333333333,23.70958333333333,23.61791666666667,23.247500000000002,23.184583333333332
2017-06-24 00:00:00+00:00,19.826666666666664,22.730833333333333,23.70958333333333,23.61791666666667,23.247500000000002,23.184583333333332,23.852500000000003
2017-06-25 00:00:00+00:00,22.730833333333333,23.70958333333333,23.61791666666667,23.247500000000002,23.184583333333332,23.852500000000003,22.93958333333333
2017-06-26 00:00:00+00:00,23.70958333333333,23.61791666666667,23.247500000000002,23.184583333333332,23.852500000000003,22.93958333333333,24.246666666666666
2017-06-27 00:00:00+00:00,23.61791666666667,23.247500000000002,23.184583333333332,23.852500000000003,22.93958333333333,24.246666666666666,24.727500000000003
2017-06-28 00:00:00+00:00,23.247500000000002,23.184583333333332,23.852500000000003,22.93958333333333,24.246666666666666,24.727500000000003,25.305833333333336
2017-06-29 00:00:00+00:00,23.184583333333332,23.852500000000003,22.93958333333333,24.246666666666666,24.727500000000003,25.305833333333336,25.914166666666663
2017-06-30 00:00:00+00:00,23.852500000000003,22.93958333333333,24.246666666666666,24.727500000000003,25.305833333333336,25.914166666666663,26.939999999999998
2017-07-01 00:00:00+00:00,22.93958333333333,24.246666666666666,24.727500000000003,25.305833333333336,25.914166666666663,26.939999999999998,26.900000000000002
2017-07-02 00:00:00+00:00,24.246666666666666,24.727500000000003,25.305833333333336,25.914166666666663,26.939999999999998,26.900000000000002,27.03708333333333
2017-07-03 00:00:00+00:00,24.727500000000003,25.305833333333336,25.914166666666663,26.939999999999998,26.900000000000002,27.03708333333333,26.876666666666665
2017-07-04 00:00:00+00:00,25.305833333333336,25.914166666666663,26.939999999999998,26.900000000000002,27.03708333333333,26.876666666666665,26.91541666666667
2017-07-05 00:00:00+00:00,25.914166666666663,26.939999999999998,26.900000000000002,27.03708333333333,26.876666666666665,26.91541666666667,26.74791666666667
2017-07-06 00:00:00+00:00,26.939999999999998,26.900000000000002,27.03708333333333,26.876666666666665,26.91541666666667,26.74791666666667,26.55333333333333
2017-07-07 00:00:00+00:00,26.900000000000002,27.03708333333333,26.876666666666665,26.91541666666667,26.74791666666667,26.55333333333333,26.94125
2017-07-08 00:00:00+00:00,27.03708333333333,26.876666666666665,26.91541666666667,26.74791666666667,26.55333333333333,26.94125,26.794583333333332
2017-07-09 00:00:00+00:00,26.876666666666665,26.91541666666667,26.74791666666667,26.55333333333333,26.94125,26.794583333333332,26.057083333333335
2017-07-10 00:00:00+00:00,26.91541666666667,26.74791666666667,26.55333333333333,26.94125,26.794583333333332,26.057083333333335,26.02333333333333
2017-07-11 00:00:00+00:00,26.74791666666667,26.55333333333333,26.94125,26.794583333333332,26.057083333333335,26.02333333333333,26.2675
2017-07-12 00:00:00+00:00,26.55333333333333,26.94125,26.794583333333332,26.057083333333335,26.02333333333333,26.2675,26.420833333333334
2017-07-13 00:00:00+00:00,26.94125,26.794583333333332,26.057083333333335,26.02333333333333,26.2675,26.420833333333334,27.108333333333334
2017-07-14 00:00:00+00:00,26.794583333333332,26.057083333333335,26.02333333333333,26.2675,26.420833333333334,27.108333333333334,27.42
2017-07-15 00:00:00+00:00,26.057083333333335,26.02333333333333,26.2675,26.420833333333334,27.108333333333334,27.42,27.0975
2017-07-16 00:00:00+00:00,26.02333333333333,26.2675,26.420833333333334,27.108333333333334,27.42,27.0975,26.2075
2017-07-17 00:00:00+00:00,26.2675,26.420833333333334,27.108333333333334,27.42,27.0975,26.2075,27.090833333333332
2017-07-18 00:00:00+00:00,26.420833333333334,27.108333333333334,27.42,27.0975,26.2075,27.090833333333332,27.034166666666668
2017-07-19 00:00:00+00:00,27.108333333333334,27.42,27.0975,26.2075,27.090833333333332,27.034166666666668,26.885416666666668
2017-07-20 00:00:00+00:00,27.42,27.0975,26.2075,27.090833333333332,27.034166666666668,26.885416666666668,27.578333333333333
2017-07-21 00:00:00+00:00,27.0975,26.2075,27.090833333333332,27.034166666666668,26.885416666666668,27.578333333333333,27.3
2017-07-22 00:00:00+00:00,26.2075,27.090833333333332,27.034166666666668,26.885416666666668,27.578333333333333,27.3,22.942083333333333
2017-07-23 00:00:00+00:00,27.090833333333332,27.034166666666668,26.885416666666668,27.578333333333333,27.3,22.942083333333333,24.653333333333332
2017-07-24 00:00:00+00:00,27.034166666666668,26.885416666666668,27.578333333333333,27.3,22.942083333333333,24.653333333333332,26.977083333333336
2017-07-25 00:00:00+00:00,26.885416666666668,27.578333333333333,27.3,22.942083333333333,24.653333333333332,26.977083333333336,27.245
2017-07-26 00:00:00+00:00,27.578333333333333,27.3,22.942083333333333,24.653333333333332,26.977083333333336,27.245,27.165833333333335
2017-07-27 00:00:00+00:00,27.3,22.942083333333333,24.653333333333332,26.977083333333336,27.245,27.165833333333335,25.965833333333332
2017-07-28 00:00:00+00:00,22.942083333333333,24.653333333333332,26.977083333333336,27.245,27.165833333333335,25.965833333333332,24.63
2017-07-29 00:00:00+00:00,24.653333333333332,26.977083333333336,27.245,27.165833333333335,25.965833333333332,24.63,24.10166666666667
2017-07-30 00:00:00+00:00,26.977083333333336,27.245,27.165833333333335,25.965833333333332,24.63,24.10166666666667,21.09958333333333
2017-07-31 00:00:00+00:00,27.245,27.165833333333335,25.965833333333332,24.63,24.10166666666667,21.09958333333333,26.124583333333334
2017-08-01 00:00:00+00:00,27.165833333333335,25.965833333333332,24.63,24.10166666666667,21.09958333333333,26.124583333333334,26.020416666666666
2017-08-02 00:00:00+00:00,25.965833333333332,24.63,24.10166666666667,21.09958333333333,26.124583333333334,26.020416666666666,25.372083333333332
2017-08-03 00:00:00+00:00,24.63,24.10166666666667,21.09958333333333,26.124583333333334,26.020416666666666,25.372083333333332,25.865416666666665
2017-08-04 00:00:00+00:00,24.10166666666667,21.09958333333333,26.124583333333334,26.020416666666666,25.372083333333332,25.865416666666665,25.930833333333336
2017-08-05 00:00:00+00:00,21.09958333333333,26.124583333333334,26.020416666666666,25.372083333333332,25.865416666666665,25.930833333333336,23.633333333333336
2017-08-06 00:00:00+00:00,26.124583333333334,26.020416666666666,25.372083333333332,25.865416666666665,25.930833333333336,23.633333333333336,22.48
2017-08-07 00:00:00+00:00,26.020416666666666,25.372083333333332,25.865416666666665,25.930833333333336,23.633333333333336,22.48,26.574583333333333
2017-08-08 00:00:00+00:00,25.372083333333332,25.865416666666665,25.930833333333336,23.633333333333336,22.48,26.574583333333333,26.381249999999998
2017-08-09 00:00:00+00:00,25.865416666666665,25.930833333333336,23.633333333333336,22.48,26.574583333333333,26.381249999999998,26.56125
2017-08-10 00:00:00+00:00,25.930833333333336,23.633333333333336,22.48,26.574583333333333,26.381249999999998,26.56125,25.560833333333335
2017-08-11 00:00:00+00:00,23.633333333333336,22.48,26.574583333333333,26.381249999999998,26.56125,25.560833333333335,25.762916666666666
2017-08-12 00:00:00+00:00,22.48,26.574583333333333,26.381249999999998,26.56125,25.560833333333335,25.762916666666666,24.730833333333333
2017-08-13 00:00:00+00:00,26.574583333333333,26.381249999999998,26.56125,25.560833333333335,25.762916666666666,24.730833333333333,24.31625
2017-08-14 00:00:00+00:00,26.381249999999998,26.56125,25.560833333333335,25.762916666666666,24.730833333333333,24.31625,26.222916666666666
2017-08-15 00:00:00+00:00,26.56125,25.560833333333335,25.762916666666666,24.730833333333333,24.31625,26.222916666666666,27.077083333333334
2017-08-16 00:00:00+00:00,25.560833333333335,25.762916666666666,24.730833333333333,24.31625,26.222916666666666,27.077083333333334,27.626666666666665
2017-08-17 00:00:00+00:00,25.762916666666666,24.730833333333333,24.31625,26.222916666666666,27.077083333333334,27.626666666666665,28.567916666666665
2017-08-18 00:00:00+00:00,24.730833333333333,24.31625,26.222916666666666,27.077083333333334,27.626666666666665,28.567916666666665,29.052916666666665
2017-08-19 00:00:00+00:00,24.31625,26.222916666666666,27.077083333333334,27.626666666666665,28.567916666666665,29.052916666666665,29.102500000000003
2017-08-20 00:00:00+00:00,26.222916666666666,27.077083333333334,27.626666666666665,28.567916666666665,29.052916666666665,29.102500000000003,29.331666666666667
2017-08-21 00:00:00+00:00,27.077083333333334,27.626666666666665,28.567916666666665,29.052916666666665,29.102500000000003,29.331666666666667,29.951666666666668
2017-08-22 00:00:00+00:00,27.626666666666665,28.567916666666665,29.052916666666665,29.102500000000003,29.331666666666667,29.951666666666668,32.045
2017-08-23 00:00:00+00:00,28.567916666666665,29.052916666666665,29.102500000000003,29.331666666666667,29.951666666666668,32.045,31.648750000000003
2017-08-24 00:00:00+00:00,29.052916666666665,29.102500000000003,29.331666666666667,29.951666666666668,32.045,31.648750000000003,31.410833333333333
2017-08-25 00:00:00+00:00,29.102500000000003,29.331666666666667,29.951666666666668,32.045,31.648750000000003,31.410833333333333,31.678749999999997
2017-08-26 00:00:00+00:00,29.331666666666667,29.951666666666668,32.045,31.648750000000003,31.410833333333333,31.678749999999997,31.448333333333334
2017-08-27 00:00:00+00:00,29.951666666666668,32.045,31.648750000000003,31.410833333333333,31.678749999999997,31.448333333333334,31.2375
2017-08-28 00:00:00+00:00,32.045,31.648750000000003,31.410833333333333,31.678749999999997,31.448333333333334,31.2375,31.221249999999998
2017-08-29 00:00:00+00:00,31.648750000000003,31.410833333333333,31.678749999999997,31.448333333333334,31.2375,31.221249999999998,31.241249999999997
2017-08-30 00:00:00+00:00,31.410833333333333,31.678749999999997,31.448333333333334,31.2375,31.221249999999998,31.241249999999997,30.465
2017-08-31 00:00:00+00:00,31.678749999999997,31.448333333333334,31.2375,31.221249999999998,31.241249999999997,30.465,30.42375
2017-09-01 00:00:00+00:00,31.448333333333334,31.2375,31.221249999999998,31.241249999999997,30.465,30.42375,29.871666666666666
2017-09-02 00:00:00+00:00,31.2375,31.221249999999998,31.241249999999997,30.465,30.42375,29.871666666666666,29.6775
2017-09-03 00:00:00+00:00,31.221249999999998,31.241249999999997,30.465,30.42375,29.871666666666666,29.6775,27.402916666666666
2017-09-04 00:00:00+00:00,31.241249999999997,30.465,30.42375,29.871666666666666,29.6775,27.402916666666666,27.120833333333334
2017-09-05 00:00:00+00:00,30.465,30.42375,29.871666666666666,29.6775,27.402916666666666,27.120833333333334,28.957083333333333
2017-09-06 00:00:00+00:00,30.42375,29.871666666666666,29.6775,27.402916666666666,27.120833333333334,28.957083333333333,26.55666666666667
2017-09-07 00:00:00+00:00,29.871666666666666,29.6775,27.402916666666666,27.120833333333334,28.957083333333333,26.55666666666667,29.186666666666667
2017-09-08 00:00:00+00:00,29.6775,27.402916666666666,27.120833333333334,28.957083333333333,26.55666666666667,29.186666666666667,30.192083333333333
2017-09-09 00:00:00+00:00,27.402916666666666,27.120833333333334,28.957083333333333,26.55666666666667,29.186666666666667,30.192083333333333,30.886666666666667
2017-09-10 00:00:00+00:00,27.120833333333334,28.957083333333333,26.55666666666667,29.186666666666667,30.192083333333333,30.886666666666667,30.901666666666667
2017-09-11 00:00:00+00:00,28.957083333333333,26.55666666666667,29.186666666666667,30.192083333333333,30.886666666666667,30.901666666666667,31.557083333333335
2017-09-12 00:00:00+00:00,26.55666666666667,29.186666666666667,30.192083333333333,30.886666666666667,30.901666666666667,31.557083333333335,31.362916666666667
2017-09-13 00:00:00+00:00,29.186666666666667,30.192083333333333,30.886666666666667,30.901666666666667,31.557083333333335,31.362916666666667,31.440833333333334
2017-09-14 00:00:00+00:00,30.192083333333333,30.886666666666667,30.901666666666667,31.557083333333335,31.362916666666667,31.440833333333334,31.09
2017-09-15 00:00:00+00:00,30.886666666666667,30.901666666666667,31.557083333333335,31.362916666666667,31.440833333333334,31.09,30.746666666666666
2017-09-16 00:00:00+00:00,30.901666666666667,31.557083333333335,31.362916666666667,31.440833333333334,31.09,30.746666666666666,30.49083333333333
2017-09-17 00:00:00+00:00,31.557083333333335,31.362916666666667,31.440833333333334,31.09,30.746666666666666,30.49083333333333,30.27125
2017-09-18 00:00:00+00:00,31.362916666666667,31.440833333333334,31.09,30.746666666666666,30.49083333333333,30.27125,30.409166666666668
2017-09-19 00:00:00+00:00,31.440833333333334,31.09,30.746666666666666,30.49083333333333,30.27125,30.409166666666668,30.387916666666666
2017-09-20 00:00:00+00:00,31.09,30.746666666666666,30.49083333333333,30.27125,30.409166666666668,30.387916666666666,30.450833333333335
2017-09-21 00:00:00+00:00,30.746666666666666,30.49083333333333,30.27125,30.409166666666668,30.387916666666666,30.450833333333335,30.190416666666664
2017-09-22 00:00:00+00:00,30.49083333333333,30.27125,30.409166666666668,30.387916666666666,30.450833333333335,30.190416666666664,29.110416666666666
2017-09-23 00:00:00+00:00,30.27125,30.409166666666668,30.387916666666666,30.450833333333335,30.190416666666664,29.110416666666666,26.618333333333336
2017-09-24 00:00:00+00:00,30.409166666666668,30.387916666666666,30.450833333333335,30.190416666666664,29.110416666666666,26.618333333333336,24.892916666666665
2017-09-25 00:00:00+00:00,30.387916666666666,30.450833333333335,30.190416666666664,29.110416666666666,26.618333333333336,24.892916666666665,18.117083333333333
2017-09-26 00:00:00+00:00,30.450833333333335,30.190416666666664,29.110416666666666,26.618333333333336,24.892916666666665,18.117083333333333,22.01833333333333
2017-09-27 00:00:00+00:00,30.190416666666664,29.110416666666666,26.618333333333336,24.892916666666665,18.117083333333333,22.01833333333333,19.741666666666667
2017-09-28 00:00:00+00:00,29.110416666666666,26.618333333333336,24.892916666666665,18.117083333333333,22.01833333333333,19.741666666666667,23.09166666666667
2017-09-29 00:00:00+00:00,26.618333333333336,24.892916666666665,18.117083333333333,22.01833333333333,19.741666666666667,23.09166666666667,28.388333333333335
2017-09-30 00:00:00+00:00,24.892916666666665,18.117083333333333,22.01833333333333,19.741666666666667,23.09166666666667,28.388333333333335,26.92833333333333
2017-10-01 00:00:00+00:00,18.117083333333333,22.01833333333333,19.741666666666667,23.09166666666667,28.388333333333335,26.92833333333333,28.101249999999997
2017-10-02 00:00:00+00:00,22.01833333333333,19.741666666666667,23.09166666666667,28.388333333333335,26.92833333333333,28.101249999999997,30.8575
2017-10-03 00:00:00+00:00,19.741666666666667,23.09166666666667,28.388333333333335,26.92833333333333,28.101249999999997,30.8575,29.53708333333333
2017-10-04 00:00:00+00:00,23.09166666666667,28.388333333333335,26.92833333333333,28.101249999999997,30.8575,29.53708333333333,28.934583333333332
2017-10-05 00:00:00+00:00,28.388333333333335,26.92833333333333,28.101249999999997,30.8575,29.53708333333333,28.934583333333332,27.96083333333333
2017-10-06 00:00:00+00:00,26.92833333333333,28.101249999999997,30.8575,29.53708333333333,28.934583333333332,27.96083333333333,28.796666666666667
2017-10-07 00:00:00+00:00,28.101249999999997,30.8575,29.53708333333333,28.934583333333332,27.96083333333333,28.796666666666667,26.754583333333333
2017-10-08 00:00:00+00:00,30.8575,29.53708333333333,28.934583333333332,27.96083333333333,28.796666666666667,26.754583333333333,26.245416666666667
2017-10-09 00:00:00+00:00,29.53708333333333,28.934583333333332,27.96083333333333,28.796666666666667,26.754583333333333,26.245416666666667,27.328333333333333
2017-10-10 00:00:00+00:00,28.934583333333332,27.96083333333333,28.796666666666667,26.754583333333333,26.245416666666667,27.328333333333333,27.087083333333336
2017-10-11 00:00:00+00:00,27.96083333333333,28.796666666666667,26.754583333333333,26.245416666666667,27.328333333333333,27.087083333333336,28.043333333333333
2017-10-12 00:00:00+00:00,28.796666666666667,26.754583333333333,26.245416666666667,27.328333333333333,27.087083333333336,28.043333333333333,29.151666666666667
2017-10-13 00:00:00+00:00,26.754583333333333,26.245416666666667,27.328333333333333,27.087083333333336,28.043333333333333,29.151666666666667,28.95375
2017-10-14 00:00:00+00:00,26.245416666666667,27.328333333333333,27.087083333333336,28.043333333333333,29.151666666666667,28.95375,28.760416666666668
2017-10-15 00:00:00+00:00,27.328333333333333,27.087083333333336,28.043333333333333,29.151666666666667,28.95375,28.760416666666668,28.755
2017-10-16 00:00:00+00:00,27.087083333333336,28.043333333333333,29.151666666666667,28.95375,28.760416666666668,28.755,29.9375
2017-10-17 00:00:00+00:00,28.043333333333333,29.151666666666667,28.95375,28.760416666666668,28.755,29.9375,29.644583333333333
2017-10-18 00:00:00+00:00,29.151666666666667,28.95375,28.760416666666668,28.755,29.9375,29.644583333333333,28.5625
2017-10-19 00:00:00+00:00,28.95375,28.760416666666668,28.755,29.9375,29.644583333333333,28.5625,28.92125
2017-10-20 00:00:00+00:00,28.760416666666668,28.755,29.9375,29.644583333333333,28.5625,28.92125,27.73375
2017-10-21 00:00:00+00:00,28.755,29.9375,29.644583333333333,28.5625,28.92125,27.73375,25.241666666666664
2017-10-22 00:00:00+00:00,29.9375,29.644583333333333,28.5625,28.92125,27.73375,25.241666666666664,24.16108695652174
2017-10-23 00:00:00+00:00,29.644583333333333,28.5625,28.92125,27.73375,25.241666666666664,24.16108695652174,28.839583333333334
2017-10-24 00:00:00+00:00,28.5625,28.92125,27.73375,25.241666666666664,24.16108695652174,28.839583333333334,30.0675
2017-10-25 00:00:00+00:00,28.92125,27.73375,25.241666666666664,24.16108695652174,28.839583333333334,30.0675,28.442083333333333
2017-10-26 00:00:00+00:00,27.73375,25.241666666666664,24.16108695652174,28.839583333333334,30.0675,28.442083333333333,28.048333333333332
2017-10-27 00:00:00+00:00,25.241666666666664,24.16108695652174,28.839583333333334,30.0675,28.442083333333333,28.048333333333332,28.885
2017-10-28 00:00:00+00:00,24.16108695652174,28.839583333333334,30.0675,28.442083333333333,28.048333333333332,28.885,27.701666666666668
2017-10-29 00:00:00+00:00,28.839583333333334,30.0675,28.442083333333333,28.048333333333332,28.885,27.701666666666668,27.441666666666666
2017-10-30 00:00:00+00:00,30.0675,28.442083333333333,28.048333333333332,28.885,27.701666666666668,27.441666666666666,29.547916666666666
2017-10-31 00:00:00+00:00,28.442083333333333,28.048333333333332,28.885,27.701666666666668,27.441666666666666,29.547916666666666,30.065416666666668
2017-11-01 00:00:00+00:00,28.048333333333332,28.885,27.701666666666668,27.441666666666666,29.547916666666666,30.065416666666668,30.4875
2017-11-02 00:00:00+00:00,28.885,27.701666666666668,27.441666666666666,29.547916666666666,30.065416666666668,30.4875,29.342916666666667
2017-11-03 00:00:00+00:00,27.701666666666668,27.441666666666666,29.547916666666666,30.065416666666668,30.4875,29.342916666666667,29.233333333333334
2017-11-04 00:00:00+00:00,27.441666666666666,29.547916666666666,30.065416666666668,30.4875,29.342916666666667,29.233333333333334,28.794583333333332
2017-11-05 00:00:00+00:00,29.547916666666666,30.065416666666668,30.4875,29.342916666666667,29.233333333333334,28.794583333333332,30.114166666666666
2017-11-06 00:00:00+00:00,30.065416666666668,30.4875,29.342916666666667,29.233333333333334,28.794583333333332,30.114166666666666,31.963333333333335
2017-11-07 00:00:00+00:00,30.4875,29.342916666666667,29.233333333333334,28.794583333333332,30.114166666666666,31.963333333333335,31.800416666666667
2017-11-08 00:00:00+00:00,29.342916666666667,29.233333333333334,28.794583333333332,30.114166666666666,31.963333333333335,31.800416666666667,31.127499999999998
2017-11-09 00:00:00+00:00,29.233333333333334,28.794583333333332,30.114166666666666,31.963333333333335,31.800416666666667,31.127499999999998,30.684166666666666
2017-11-10 00:00:00+00:00,28.794583333333332,30.114166666666666,31.963333333333335,31.800416666666667,31.127499999999998,30.684166666666666,29.300833333333333
2017-11-11 00:00:00+00:00,30.114166666666666,31.963333333333335,31.800416666666667,31.127499999999998,30.684166666666666,29.300833333333333,28.4225
2017-11-12 00:00:00+00:00,31.963333333333335,31.800416666666667,31.127499999999998,30.684166666666666,29.300833333333333,28.4225,28.645833333333332
2017-11-13 00:00:00+00:00,31.800416666666667,31.127499999999998,30.684166666666666,29.300833333333333,28.4225,28.645833333333332,33.32083333333333
2017-11-14 00:00:00+00:00,31.127499999999998,30.684166666666666,29.300833333333333,28.4225,28.645833333333332,33.32083333333333,33.41875
2017-11-15 00:00:00+00:00,30.684166666666666,29.300833333333333,28.4225,28.645833333333332,33.32083333333333,33.41875,30.803749999999997
2017-11-16 00:00:00+00:00,29.300833333333333,28.4225,28.645833333333332,33.32083333333333,33.41875,30.803749999999997,28.784583333333334
2017-11-17 00:00:00+00:00,28.4225,28.645833333333332,33.32083333333333,33.41875,30.803749999999997,28.784583333333334,31.338333333333335
2017-11-18 00:00:00+00:00,28.645833333333332,33.32083333333333,33.41875,30.803749999999997,28.784583333333334,31.338333333333335,30.38208333333333
2017-11-19 00:00:00+00:00,33.32083333333333,33.41875,30.803749999999997,28.784583333333334,31.338333333333335,30.38208333333333,28.61708333333333
2017-11-20 00:00:00+00:00,33.41875,30.803749999999997,28.784583333333334,31.338333333333335,30.38208333333333,28.61708333333333,32.513333333333335
2017-11-21 00:00:00+00:00,30.803749999999997,28.784583333333334,31.338333333333335,30.38208333333333,28.61708333333333,32.513333333333335,37.075833333333335
2017-11-22 00:00:00+00:00,28.784583333333334,31.338333333333335,30.38208333333333,28.61708333333333,32.513333333333335,37.075833333333335,48.15541666666667
2017-11-23 00:00:00+00:00,31.338333333333335,30.38208333333333,28.61708333333333,32.513333333333335,37.075833333333335,48.15541666666667,44.13666666666666
2017-11-24 00:00:00+00:00,30.38208333333333,28.61708333333333,32.513333333333335,37.075833333333335,48.15541666666667,44.13666666666666,39.444583333333334
2017-11-25 00:00:00+00:00,28.61708333333333,32.513333333333335,37.075833333333335,48.15541666666667,44.13666666666666,39.444583333333334,30.389166666666668
2017-11-26 00:00:00+00:00,32.513333333333335,37.075833333333335,48.15541666666667,44.13666666666666,39.444583333333334,30.389166666666668,29.16875
2017-11-27 00:00:00+00:00,37.075833333333335,48.15541666666667,44.13666666666666,39.444583333333334,30.389166666666668,29.16875,34.90083333333333
2017-11-28 00:00:00+00:00,48.15541666666667,44.13666666666666,39.444583333333334,30.389166666666668,29.16875,34.90083333333333,30.508750000000003
2017-11-29 00:00:00+00:00,44.13666666666666,39.444583333333334,30.389166666666668,29.16875,34.90083333333333,30.508750000000003,31.1125
2017-11-30 00:00:00+00:00,39.444583333333334,30.389166666666668,29.16875,34.90083333333333,30.508750000000003,31.1125,28.345
2017-12-01 00:00:00+00:00,30.389166666666668,29.16875,34.90083333333333,30.508750000000003,31.1125,28.345,28.352500000000003
2017-12-02 00:00:00+00:00,29.16875,34.90083333333333,30.508750000000003,31.1125,28.345,28.352500000000003,27.395833333333332
2017-12-03 00:00:00+00:00,34.90083333333333,30.508750000000003,31.1125,28.345,28.352500000000003,27.395833333333332,28.36375
2017-12-04 00:00:00+00:00,30.508750000000003,31.1125,28.345,28.352500000000003,27.395833333333332,28.36375,40.82875
2017-12-05 00:00:00+00:00,31.1125,28.345,28.352500000000003,27.395833333333332,28.36375,40.82875,31.83875
2017-12-06 00:00:00+00:00,28.345,28.352500000000003,27.395833333333332,28.36375,40.82875,31.83875,29.425833333333333
2017-12-07 00:00:00+00:00,28.352500000000003,27.395833333333332,28.36375,40.82875,31.83875,29.425833333333333,30.503333333333334
2017-12-08 00:00:00+00:00,27.395833333333332,28.36375,40.82875,31.83875,29.425833333333333,30.503333333333334,36.86375
2017-12-09 00:00:00+00:00,28.36375,40.82875,31.83875,29.425833333333333,30.503333333333334,36.86375,30.920416666666668
2017-12-10 00:00:00+00:00,40.82875,31.83875,29.425833333333333,30.503333333333334,36.86375,30.920416666666668,30.27
2017-12-11 00:00:00+00:00,31.83875,29.425833333333333,30.503333333333334,36.86375,30.920416666666668,30.27,40.84125
2017-12-12 00:00:00+00:00,29.425833333333333,30.503333333333334,36.86375,30.920416666666668,30.27,40.84125,45.9275
2017-12-13 00:00:00+00:00,30.503333333333334,36.86375,30.920416666666668,30.27,40.84125,45.9275,31.345416666666665
2017-12-14 00:00:00+00:00,36.86375,30.920416666666668,30.27,40.84125,45.9275,31.345416666666665,29.299166666666665
2017-12-15 00:00:00+00:00,30.920416666666668,30.27,40.84125,45.9275,31.345416666666665,29.299166666666665,28.925833333333333
2017-12-16 00:00:00+00:00,30.27,40.84125,45.9275,31.345416666666665,29.299166666666665,28.925833333333333,25.609166666666667
2017-12-17 00:00:00+00:00,40.84125,45.9275,31.345416666666665,29.299166666666665,28.925833333333333,25.609166666666667,26.263333333333335
2017-12-18 00:00:00+00:00,45.9275,31.345416666666665,29.299166666666665,28.925833333333333,25.609166666666667,26.263333333333335,26.0575
2017-12-19 00:00:00+00:00,31.345416666666665,29.299166666666665,28.925833333333333,25.609166666666667,26.263333333333335,26.0575,26.110833333333332
2017-12-20 00:00:00+00:00,29.299166666666665,28.925833333333333,25.609166666666667,26.263333333333335,26.0575,26.110833333333332,30.405416666666667
2017-12-21 00:00:00+00:00,28.925833333333333,25.609166666666667,26.263333333333335,26.0575,26.110833333333332,30.405416666666667,31.227500000000003
2017-12-22 00:00:00+00:00,25.609166666666667,26.263333333333335,26.0575,26.110833333333332,30.405416666666667,31.227500000000003,28.681250000000002
2017-12-23 00:00:00+00:00,26.263333333333335,26.0575,26.110833333333332,30.405416666666667,31.227500000000003,28.681250000000002,26.961250000000003
2017-12-24 00:00:00+00:00,26.0575,26.110833333333332,30.405416666666667,31.227500000000003,28.681250000000002,26.961250000000003,26.72583333333333
2017-12-25 00:00:00+00:00,26.110833333333332,30.405416666666667,31.227500000000003,28.681250000000002,26.961250000000003,26.72583333333333,26.021666666666665
2017-12-26 00:00:00+00:00,30.405416666666667,31.227500000000003,28.681250000000002,26.961250000000003,26.72583333333333,26.021666666666665,31.832083333333333
2017-12-27 00:00:00+00:00,31.227500000000003,28.681250000000002,26.961250000000003,26.72583333333333,26.021666666666665,31.832083333333333,28.328333333333333
2017-12-28 00:00:00+00:00,28.681250000000002,26.961250000000003,26.72583333333333,26.021666666666665,31.832083333333333,28.328333333333333,32.01625
2017-12-29 00:00:00+00:00,26.961250000000003,26.72583333333333,26.021666666666665,31.832083333333333,28.328333333333333,32.01625,31.229583333333334
2017-12-30 00:00:00+00:00,26.72583333333333,26.021666666666665,31.832083333333333,28.328333333333333,32.01625,31.229583333333334,31.020416666666666
2017-12-31 00:00:00+00:00,26.021666666666665,31.832083333333333,28.328333333333333,32.01625,31.229583333333334,31.020416666666666,28.534166666666668
2018-01-01 00:00:00+00:00,31.832083333333333,28.328333333333333,32.01625,31.229583333333334,31.020416666666666,28.534166666666668,32.45041666666666
2018-01-02 00:00:00+00:00,28.328333333333333,32.01625,31.229583333333334,31.020416666666666,28.534166666666668,32.45041666666666,30.4525
2018-01-03 00:00:00+00:00,32.01625,31.229583333333334,31.020416666666666,28.534166666666668,32.45041666666666,30.4525,40.0075
2018-01-04 00:00:00+00:00,31.229583333333334,31.020416666666666,28.534166666666668,32.45041666666666,30.4525,40.0075,42.98374999999999
2018-01-05 00:00:00+00:00,31.020416666666666,28.534166666666668,32.45041666666666,30.4525,40.0075,42.98374999999999,35.78625
2018-01-06 00:00:00+00:00,28.534166666666668,32.45041666666666,30.4525,40.0075,42.98374999999999,35.78625,31.07166666666667
2018-01-07 00:00:00+00:00,32.45041666666666,30.4525,40.0075,42.98374999999999,35.78625,31.07166666666667,29.770416666666666
2018-01-08 00:00:00+00:00,30.4525,40.0075,42.98374999999999,35.78625,31.07166666666667,29.770416666666666,29.5975
2018-01-09 00:00:00+00:00,40.0075,42.98374999999999,35.78625,31.07166666666667,29.770416666666666,29.5975,32.10208333333333
2018-01-10 00:00:00+00:00,42.98374999999999,35.78625,31.07166666666667,29.770416666666666,29.5975,32.10208333333333,33.71208333333333
2018-01-11 00:00:00+00:00,35.78625,31.07166666666667,29.770416666666666,29.5975,32.10208333333333,33.71208333333333,35.77916666666667
2018-01-12 00:00:00+00:00,31.07166666666667,29.770416666666666,29.5975,32.10208333333333,33.71208333333333,35.77916666666667,39.865833333333335
2018-01-13 00:00:00+00:00,29.770416666666666,29.5975,32.10208333333333,33.71208333333333,35.77916666666667,39.865833333333335,31.58791666666667
2018-01-14 00:00:00+00:00,29.5975,32.10208333333333,33.71208333333333,35.77916666666667,39.865833333333335,31.58791666666667,31.429166666666664
2018-01-15 00:00:00+00:00,32.10208333333333,33.71208333333333,35.77916666666667,39.865833333333335,31.58791666666667,31.429166666666664,39.435833333333335
2018-01-16 00:00:00+00:00,33.71208333333333,35.77916666666667,39.865833333333335,31.58791666666667,31.429166666666664,39.435833333333335,33.78666666666667
2018-01-17 00:00:00+00:00,35.77916666666667,39.865833333333335,31.58791666666667,31.429166666666664,39.435833333333335,33.78666666666667,28.657916666666665
2018-01-18 00:00:00+00:00,39.865833333333335,31.58791666666667,31.429166666666664,39.435833333333335,33.78666666666667,28.657916666666665,29.69333333333333
2018-01-19 00:00:00+00:00,31.58791666666667,31.429166666666664,39.435833333333335,33.78666666666667,28.657916666666665,29.69333333333333,32.45875
2018-01-20 00:00:00+00:00,31.429166666666664,39.435833333333335,33.78666666666667,28.657916666666665,29.69333333333333,32.45875,30.92833333333333
2018-01-21 00:00:00+00:00,39.435833333333335,33.78666666666667,28.657916666666665,29.69333333333333,32.45875,30.92833333333333,28.116249999999997
2018-01-22 00:00:00+00:00,33.78666666666667,28.657916666666665,29.69333333333333,32.45875,30.92833333333333,28.116249999999997,29.364583333333332
2018-01-23 00:00:00+00:00,28.657916666666665,29.69333333333333,32.45875,30.92833333333333,28.116249999999997,29.364583333333332,32.294999999999995
2018-01-24 00:00:00+00:00,29.69333333333333,32.45875,30.92833333333333,28.116249999999997,29.364583333333332,32.294999999999995,29.74
2018-01-25 00:00:00+00:00,32.45875,30.92833333333333,28.116249999999997,29.364583333333332,32.294999999999995,29.74,30.86583333333333
2018-01-26 00:00:00+00:00,30.92833333333333,28.116249999999997,29.364583333333332,32.294999999999995,29.74,30.86583333333333,35.64458333333334
2018-01-27 00:00:00+00:00,28.116249999999997,29.364583333333332,32.294999999999995,29.74,30.86583333333333,35.64458333333334,34.310833333333335
2018-01-28 00:00:00+00:00,29.364583333333332,32.294999999999995,29.74,30.86583333333333,35.64458333333334,34.310833333333335,33.54125
2018-01-29 00:00:00+00:00,32.294999999999995,29.74,30.86583333333333,35.64458333333334,34.310833333333335,33.54125,45.23583333333334
2018-01-30 00:00:00+00:00,29.74,30.86583333333333,35.64458333333334,34.310833333333335,33.54125,45.23583333333334,47.39541666666667
2018-01-31 00:00:00+00:00,30.86583333333333,35.64458333333334,34.310833333333335,33.54125,45.23583333333334,47.39541666666667,45.30583333333333
2018-02-01 00:00:00+00:00,35.64458333333334,34.310833333333335,33.54125,45.23583333333334,47.39541666666667,45.30583333333333,39.642500000000005
2018-02-02 00:00:00+00:00,34.310833333333335,33.54125,45.23583333333334,47.39541666666667,45.30583333333333,39.642500000000005,32.29125
2018-02-03 00:00:00+00:00,33.54125,45.23583333333334,47.39541666666667,45.30583333333333,39.642500000000005,32.29125,32.13583333333333
2018-02-04 00:00:00+00:00,45.23583333333334,47.39541666666667,45.30583333333333,39.642500000000005,32.29125,32.13583333333333,29.684583333333332
2018-02-05 00:00:00+00:00,47.39541666666667,45.30583333333333,39.642500000000005,32.29125,32.13583333333333,29.684583333333332,31.519583333333333
2018-02-06 00:00:00+00:00,45.30583333333333,39.642500000000005,32.29125,32.13583333333333,29.684583333333332,31.519583333333333,37.29875
2018-02-07 00:00:00+00:00,39.642500000000005,32.29125,32.13583333333333,29.684583333333332,31.519583333333333,37.29875,35.73625
2018-02-08 00:00:00+00:00,32.29125,32.13583333333333,29.684583333333332,31.519583333333333,37.29875,35.73625,32.763333333333335
2018-02-09 00:00:00+00:00,32.13583333333333,29.684583333333332,31.519583333333333,37.29875,35.73625,32.763333333333335,36.21333333333333
2018-02-10 00:00:00+00:00,29.684583333333332,31.519583333333333,37.29875,35.73625,32.763333333333335,36.21333333333333,38.0325
2018-02-11 00:00:00+00:00,31.519583333333333,37.29875,35.73625,32.763333333333335,36.21333333333333,38.0325,36.12166666666666
2018-02-12 00:00:00+00:00,37.29875,35.73625,32.763333333333335,36.21333333333333,38.0325,36.12166666666666,40.44916666666666
2018-02-13 00:00:00+00:00,35.73625,32.763333333333335,36.21333333333333,38.0325,36.12166666666666,40.44916666666666,44.696666666666665
2018-02-14 00:00:00+00:00,32.763333333333335,36.21333333333333,38.0325,36.12166666666666,40.44916666666666,44.696666666666665,42.598333333333336
2018-02-15 00:00:00+00:00,36.21333333333333,38.0325,36.12166666666666,40.44916666666666,44.696666666666665,42.598333333333336,44.14541666666667
2018-02-16 00:00:00+00:00,38.0325,36.12166666666666,40.44916666666666,44.696666666666665,42.598333333333336,44.14541666666667,41.901666666666664
2018-02-17 00:00:00+00:00,36.12166666666666,40.44916666666666,44.696666666666665,42.598333333333336,44.14541666666667,41.901666666666664,38.04916666666667
2018-02-18 00:00:00+00:00,40.44916666666666,44.696666666666665,42.598333333333336,44.14541666666667,41.901666666666664,38.04916666666667,38.4975
2018-02-19 00:00:00+00:00,44.696666666666665,42.598333333333336,44.14541666666667,41.901666666666664,38.04916666666667,38.4975,45.84375
2018-02-20 00:00:00+00:00,42.598333333333336,44.14541666666667,41.901666666666664,38.04916666666667,38.4975,45.84375,40.85875
2018-02-21 00:00:00+00:00,44.14541666666667,41.901666666666664,38.04916666666667,38.4975,45.84375,40.85875,40.21041666666667
2018-02-22 00:00:00+00:00,41.901666666666664,38.04916666666667,38.4975,45.84375,40.85875,40.21041666666667,40.389583333333334
2018-02-23 00:00:00+00:00,38.04916666666667,38.4975,45.84375,40.85875,40.21041666666667,40.389583333333334,44.26333333333333
2018-02-24 00:00:00+00:00,38.4975,45.84375,40.85875,40.21041666666667,40.389583333333334,44.26333333333333,41.45791666666667
2018-02-25 00:00:00+00:00,45.84375,40.85875,40.21041666666667,40.389583333333334,44.26333333333333,41.45791666666667,40.66791666666666
2018-02-26 00:00:00+00:00,40.85875,40.21041666666667,40.389583333333334,44.26333333333333,41.45791666666667,40.66791666666666,52.01708333333334
2018-02-27 00:00:00+00:00,40.21041666666667,40.389583333333334,44.26333333333333,41.45791666666667,40.66791666666666,52.01708333333334,48.530833333333334
2018-02-28 00:00:00+00:00,40.389583333333334,44.26333333333333,41.45791666666667,40.66791666666666,52.01708333333334,48.530833333333334,47.03583333333333
2018-03-01 00:00:00+00:00,44.26333333333333,41.45791666666667,40.66791666666666,52.01708333333334,48.530833333333334,47.03583333333333,40.0825
2018-03-02 00:00:00+00:00,41.45791666666667,40.66791666666666,52.01708333333334,48.530833333333334,47.03583333333333,40.0825,40.382083333333334
2018-03-03 00:00:00+00:00,40.66791666666666,52.01708333333334,48.530833333333334,47.03583333333333,40.0825,40.382083333333334,37.26916666666667
2018-03-04 00:00:00+00:00,52.01708333333334,48.530833333333334,47.03583333333333,40.0825,40.382083333333334,37.26916666666667,36.365
2018-03-05 00:00:00+00:00,48.530833333333334,47.03583333333333,40.0825,40.382083333333334,37.26916666666667,36.365,42.67791666666667
2018-03-06 00:00:00+00:00,47.03583333333333,40.0825,40.382083333333334,37.26916666666667,36.365,42.67791666666667,41.10125
2018-03-07 00:00:00+00:00,40.0825,40.382083333333334,37.26916666666667,36.365,42.67791666666667,41.10125,47.321666666666665
2018-03-08 00:00:00+00:00,40.382083333333334,37.26916666666667,36.365,42.67791666666667,41.10125,47.321666666666665,38.635
2018-03-09 00:00:00+00:00,37.26916666666667,36.365,42.67791666666667,41.10125,47.321666666666665,38.635,38.78375
2018-03-10 00:00:00+00:00,36.365,42.67791666666667,41.10125,47.321666666666665,38.635,38.78375,37.97208333333334
2018-03-11 00:00:00+00:00,42.67791666666667,41.10125,47.321666666666665,38.635,38.78375,37.97208333333334,37.55916666666667
2018-03-12 00:00:00+00:00,41.10125,47.321666666666665,38.635,38.78375,37.97208333333334,37.55916666666667,42.675000000000004
2018-03-13 00:00:00+00:00,47.321666666666665,38.635,38.78375,37.97208333333334,37.55916666666667,42.675000000000004,42.656666666666666
2018-03-14 00:00:00+00:00,38.635,38.78375,37.97208333333334,37.55916666666667,42.675000000000004,42.656666666666666,42.211666666666666
2018-03-15 00:00:00+00:00,38.78375,37.97208333333334,37.55916666666667,42.675000000000004,42.656666666666666,42.211666666666666,40.665
