Year,Month,fill-level
1995,1,
1995,1,
1995,1,
1995,1,
1995,1,
1995,1,
1995,2,
1995,2,
1995,2,
1995,2,
1995,3,
1995,3,
1995,3,
1995,3,
1995,4,
1995,4,
1995,4,
1995,4,
1995,5,
1995,5,
1995,5,
1995,5,
1995,5,
1995,6,
1995,6,
1995,6,
1995,6,
1995,7,
1995,7,
1995,7,
1995,7,
1995,7,
1995,8,
1995,8,
1995,8,
1995,8,
1995,9,
1995,9,
1995,9,
1995,9,
1995,10,
1995,10,
1995,10,
1995,10,
1995,10,
1995,11,
1995,11,
1995,11,
1995,11,
1995,12,
1995,12,
1995,12,
1995,12,
1996,1,
1996,1,
1996,1,
1996,1,
1996,1,
1996,2,
1996,2,
1996,2,
1996,2,
1996,3,
1996,3,
1996,3,
1996,3,
1996,4,
1996,4,
1996,4,
1996,4,
1996,4,
1996,5,
1996,5,
1996,5,
1996,5,
1996,6,
1996,6,
1996,6,
1996,6,
1996,7,
1996,7,
1996,7,
1996,7,
1996,7,
1996,8,
1996,8,
1996,8,
1996,8,
1996,9,
1996,9,
1996,9,
1996,9,
1996,9,
1996,10,
1996,10,
1996,10,
1996,10,
1996,11,
1996,11,
1996,11,
1996,11,
1996,12,
1996,12,
1996,12,
1996,12,
1996,12,
1997,1,
1997,1,
1997,1,
1997,1,
1997,1,
1997,2,
1997,2,
1997,2,
1997,2,
1997,3,
1997,3,
1997,3,
1997,3,
1997,3,
1997,4,
1997,4,
1997,4,
1997,4,
1997,5,
1997,5,
1997,5,
1997,5,
1997,6,
1997,6,
1997,6,
1997,6,
1997,6,
1997,7,
1997,7,
1997,7,
1997,7,
1997,8,
1997,8,
1997,8,
1997,8,
1997,9,
1997,9,
1997,9,
1997,9,
1997,9,
1997,10,
1997,10,
1997,10,
1997,10,
1997,11,
1997,11,
1997,11,
1997,11,
1997,12,
1997,12,
1997,12,
1997,12,
1997,12,
1998,1,
1998,1,
1998,1,
1998,1,
1998,1,
1998,2,
1998,2,
1998,2,
1998,2,
1998,3,
1998,3,
1998,3,
1998,3,
1998,3,
1998,4,
1998,4,
1998,4,
1998,4,
1998,5,
1998,5,
1998,5,
1998,5,
1998,6,
1998,6,
1998,6,
1998,6,
1998,6,
1998,7,
1998,7,
1998,7,
1998,7,
1998,8,
1998,8,
1998,8,
1998,8,
1998,8,
1998,9,
1998,9,
1998,9,
1998,9,
1998,10,
1998,10,
1998,10,
1998,10,
1998,11,
1998,11,
1998,11,
1998,11,
1998,11,
1998,12,
1998,12,
1998,12,
1998,12,
1999,1,
1999,1,
1999,1,
1999,1,
1999,1,
1999,2,
1999,2,
1999,2,
1999,2,
1999,3,
1999,3,
1999,3,
1999,3,
1999,3,
1999,4,
1999,4,
1999,4,
1999,4,
1999,5,
1999,5,
1999,5,
1999,5,
1999,5,
1999,6,
1999,6,
1999,6,
1999,6,
1999,7,
1999,7,
1999,7,
1999,7,
1999,8,
1999,8,
1999,8,
1999,8,
1999,8,
1999,9,
1999,9,
1999,9,
1999,9,
1999,10,
1999,10,
1999,10,
1999,10,
1999,11,
1999,11,
1999,11,
1999,11,
1999,11,
1999,12,
1999,12,
1999,12,
1999,12,
2000,1,
2000,1,
2000,1,
2000,1,
2000,1,
2000,1,
2000,2,
2000,2,
2000,2,
2000,2,
2000,3,
2000,3,
2000,3,
2000,3,
2000,4,
2000,4,
2000,4,
2000,4,
2000,5,
2000,5,
2000,5,
2000,5,
2000,5,
2000,6,
2000,6,
2000,6,
2000,6,
2000,7,
2000,7,
2000,7,
2000,7,
2000,7,
2000,8,
2000,8,
2000,8,
2000,8,
2000,9,
2000,9,
2000,9,
2000,9,
2000,10,
2000,10,
2000,10,
2000,10,
2000,10,
2000,11,
2000,11,
2000,11,
2000,11,
2000,12,
2000,12,
2000,12,
2000,12,
2001,1,
2001,1,
2001,1,
2001,1,
2001,1,
2001,2,
2001,2,
2001,2,
2001,2,
2001,3,
2001,3,
2001,3,
2001,3,
2001,4,
2001,4,
2001,4,
2001,4,
2001,4,
2001,5,
2001,5,
2001,5,
2001,5,
2001,6,
2001,6,
2001,6,
2001,6,
2001,7,
2001,7,
2001,7,
2001,7,
2001,7,
2001,8,
2001,8,
2001,8,
2001,8,
2001,9,
2001,9,
2001,9,
2001,9,
2001,10,
2001,10,
2001,10,
2001,10,
2001,10,
2001,11,
2001,11,
2001,11,
2001,11,
2001,12,
2001,12,
2001,12,
2001,12,
2001,12,
2002,1,
2002,1,
2002,1,
2002,1,
2002,1,
2002,2,
2002,2,
2002,2,
2002,2,
2002,3,
2002,3,
2002,3,
2002,3,
2002,4,
2002,4,
2002,4,
2002,4,
2002,4,
2002,5,
2002,5,
2002,5,
2002,5,
2002,6,
2002,6,
2002,6,
2002,6,
2002,7,
2002,7,
2002,7,
2002,7,
2002,7,
2002,8,
2002,8,
2002,8,
2002,8,
2002,9,
2002,9,
2002,9,
2002,9,
2002,9,
2002,10,
2002,10,
2002,10,
2002,10,
2002,11,
2002,11,
2002,11,
2002,11,
2002,12,
2002,12,
2002,12,
2002,12,
2002,12,
2003,1,
2003,1,
2003,1,
2003,1,
2003,1,
2003,2,
2003,2,
2003,2,
2003,2,
2003,3,
2003,3,
2003,3,
2003,3,
2003,3,
2003,4,
2003,4,
2003,4,
2003,4,
2003,5,
2003,5,
2003,5,
2003,5,
2003,6,
2003,6,
2003,6,
2003,6,
2003,6,
2003,7,
2003,7,
2003,7,
2003,7,
2003,8,
2003,8,
2003,8,
2003,8,
2003,9,
2003,9,
2003,9,
2003,9,
2003,9,
2003,10,
2003,10,
2003,10,
2003,10,
2003,11,
2003,11,
2003,11,
2003,11,
2003,12,
2003,12,
2003,12,
2003,12,
2003,12,
2004,1,
2004,1,
2004,1,
2004,1,
2004,1,
2004,2,
2004,2,
2004,2,
2004,2,
2004,3,
2004,3,
2004,3,
2004,3,
2004,3,
2004,4,
2004,4,
2004,4,
2004,4,
2004,5,
2004,5,
2004,5,
2004,5,
2004,5,
2004,6,
2004,6,
2004,6,
2004,6,
2004,7,
2004,7,
2004,7,
2004,7,
2004,8,
2004,8,
2004,8,
2004,8,
2004,8,
2004,9,
2004,9,
2004,9,
2004,9,
2004,10,
2004,10,
2004,10,
2004,10,
2004,11,
2004,11,
2004,11,
2004,11,
2004,11,
2004,12,
2004,12,
2004,12,
2004,12,
2005,1,0.759216806556707
2005,1,0.766207549012016
2005,1,0.750626222564886
2005,1,0.722985510466783
2005,1,0.695802288742471
2005,1,
2005,2,0.670698788068552
2005,2,0.638005032225772
2005,2,0.602484633418513
2005,2,0.566402934941311
2005,3,0.533093674142058
2005,3,0.505151915085118
2005,3,0.481536871378599
2005,3,0.458584299320919
2005,4,0.440659015079843
2005,4,0.429774526208761
2005,4,0.416594477120992
2005,4,0.411983913487016
2005,5,0.427568157817064
2005,5,0.421998957417988
2005,5,0.431394287907508
2005,5,0.489053506116893
2005,5,0.527106683410826
2005,6,0.55393134221492
2005,6,0.608217038865078
2005,6,0.662522992356269
2005,6,0.691533313805963
2005,7,0.738976013880145
2005,7,0.758750674760425
2005,7,0.780516285714606
2005,7,0.790339450787099
2005,8,0.800414676053272
2005,8,0.800264012291021
2005,8,0.795446643705173
2005,8,0.800673301483519
2005,8,0.80987602364383
2005,9,0.81239202430372
2005,9,0.834277885702037
2005,9,0.838943804941771
2005,9,0.854999904607674
2005,10,0.854449378659278
2005,10,0.843726607837658
2005,10,0.8258850443911
2005,10,0.838198005290346
2005,10,0.885429944436776
2005,11,0.92446235201564
2005,11,0.930823841796877
2005,11,0.907848487807177
2005,11,0.877619725786341
2005,12,0.850116434751088
2005,12,0.828751191001249
2005,12,0.806336687776427
2005,12,0.77709905202473
2006,1,0.744479084951917
2006,1,0.724180383522042
2006,1,0.694128995114791
2006,1,0.658841185244042
2006,1,0.627181875009118
2006,1,
2006,2,0.60146679729804
2006,2,0.572610562511714
2006,2,0.540796492255826
2006,2,0.507860832696449
2006,3,0.474878038105306
2006,3,0.443546793302785
2006,3,0.413069562328785
2006,3,0.386181495684339
2006,4,0.359514178105329
2006,4,0.337000158239035
2006,4,0.317122894494965
2006,4,0.30612160613743
2006,5,0.338949332085377
2006,5,0.393496936784067
2006,5,0.422148807539809
2006,5,0.454075805475968
2006,5,0.473195598036938
2006,6,0.49564758483464
2006,6,0.518892786881198
2006,6,0.54529704609245
2006,6,0.547712884809838
2006,7,0.546730007171258
2006,7,0.556554406732678
2006,7,0.546872646755483
2006,7,0.535359241889127
2006,7,0.526561039305005
2006,8,0.513660742242079
2006,8,0.503001772052742
2006,8,0.495532328459347
2006,8,0.520407785360532
2006,9,0.523433461607955
2006,9,0.512710017428739
2006,9,0.505312286419387
2006,9,0.505313240342649
2006,10,0.523886014026039
2006,10,0.529462873867777
2006,10,0.527260657847927
2006,10,0.535449079015147
2006,10,0.552328582795489
2006,11,0.573661112588757
2006,11,0.587138364885748
2006,11,0.606374003009908
2006,11,0.634169811807774
2006,12,0.643523141617203
2006,12,0.665300704668725
2006,12,0.660366396313592
2006,12,0.657366307654841
2007,1,0.651952680917158
2007,1,0.654695266408322
2007,1,0.649024978200048
2007,1,0.622459449844398
2007,1,0.602585188152946
2007,2,0.57519316946054
2007,2,0.545199577580334
2007,2,0.514080524590458
2007,2,0.487077145457586
2007,3,0.467606224966529
2007,3,0.463180049087769
2007,3,0.444458351149253
2007,3,0.429272229498225
2007,4,0.414527044846738
2007,4,0.409186505464858
2007,4,0.406953371108695
2007,4,0.440987361077911
2007,4,0.477650307443856
2007,5,0.49127238773726
2007,5,0.510370717024837
2007,5,0.543991069033743
2007,5,0.601870924082298
2007,6,0.659140324356354
2007,6,0.691212963929356
2007,6,0.722252055704629
2007,6,0.754951871765779
2007,7,0.8202400070927
2007,7,0.858266418422166
2007,7,0.890895251370002
2007,7,0.91309601967102
2007,7,0.925878535267665
2007,8,0.932901991679545
2007,8,0.958241167512292
2007,8,0.959987071534144
2007,8,0.954403590342705
2007,9,0.947924319095187
2007,9,0.949631392828966
2007,9,0.952041339667384
2007,9,0.956861121117953
2007,10,0.941018700262722
2007,10,0.924844819130538
2007,10,0.916199188155191
2007,10,0.905392640425921
2007,10,0.925693642494251
2007,11,0.919384113474222
2007,11,0.892602942348245
2007,11,0.870638017545454
2007,11,0.848243883387931
2007,12,0.843025418127011
2007,12,0.814022784176545
2007,12,0.783353309608701
2007,12,0.775669906638969
2007,12,
2008,1,0.751214456538695
2008,1,0.724881068214491
2008,1,0.708481051156099
2008,1,0.688247609299966
2008,1,
2008,2,0.669845307314796
2008,2,0.646098004953667
2008,2,0.616792921216039
2008,2,0.604663562488146
2008,3,0.590868036500471
2008,3,0.562556884688634
2008,3,0.53489266118778
2008,3,0.50343586325005
2008,3,0.472171477245563
2008,4,0.446399304421603
2008,4,0.415625038577779
2008,4,0.386788134765789
2008,4,0.375930299632908
2008,5,0.43949778184785
2008,5,0.489534283440902
2008,5,0.540211176164937
2008,5,0.560066022712352
2008,6,0.613725552910757
2008,6,0.681862383663447
2008,6,0.71875025952324
2008,6,0.755568050079849
2008,6,0.778369958375278
2008,7,0.802593436783505
2008,7,0.824217474302991
2008,7,0.848505595040497
2008,7,0.862153767940771
2008,8,0.865644734287481
2008,8,0.870345163104044
2008,8,0.883884308186794
2008,8,0.874911649872006
2008,9,0.866927087717172
2008,9,0.880837365061943
2008,9,0.874130779512422
2008,9,0.856869089182847
2008,9,0.836948421930359
2008,10,0.821996404270434
2008,10,0.830818454936104
2008,10,0.833209379422416
2008,10,0.881675919722307
2008,11,0.876958264173897
2008,11,0.858002406131145
2008,11,0.864805169590722
2008,11,0.848596442202912
2008,12,0.830330775696729
2008,12,0.800987422802357
2008,12,0.768622041014211
2008,12,0.747153829665218
2008,12,0.723988139928198
2009,1,0.692233549593348
2009,1,0.663023521503114
2009,1,0.649029298911293
2009,1,0.622583347642182
2009,1,0.691200787379483
2009,2,0.591929023620262
2009,2,0.561312744302553
2009,2,0.527258525548871
2009,2,0.494334032502971
2009,3,0.464352953851437
2009,3,0.436139551117381
2009,3,0.407244542156113
2009,3,0.3826763046584
2009,3,0.355994874626427
2009,4,0.337384224578226
2009,4,0.34087216081575
2009,4,0.35764479713419
2009,4,0.372771859712678
2009,5,0.427403521884683
2009,5,0.450233907595137
2009,5,0.460731945318874
2009,5,0.494543053923599
2009,6,0.532891217957998
2009,6,0.553404327669274
2009,6,0.56790553241824
2009,6,0.593870369684543
2009,6,0.620339551790738
2009,7,0.642121491666639
2009,7,0.669130425999684
2009,7,0.696549827901021
2009,7,0.721195950427414
2009,8,0.758331790222174
2009,8,0.775248216444066
2009,8,0.787117883592183
2009,8,0.809465387736138
2009,8,0.827505928352507
2009,9,0.852505226938344
2009,9,0.859548379059925
2009,9,0.851396375316057
2009,9,0.869840986603551
2009,10,0.875197826850583
2009,10,0.87424648479278
2009,10,0.855791941480736
2009,10,0.836076423842695
2009,11,0.814490599366819
2009,11,0.804390291530171
2009,11,0.788614981982073
2009,11,0.817518015121367
2009,11,0.824995090100858
2009,12,0.803551512417275
2009,12,0.781953062486463
2009,12,0.750486613089847
2009,12,0.723185553786121
2010,1,0.656868808617182
2010,1,0.623085728522418
2010,1,0.589806937154413
2010,1,0.555966060532603
2010,1,
2010,2,0.521153641125091
2010,2,0.485413110496859
2010,2,0.45039481200417
2010,2,0.416948943782497
2010,3,0.383666645343676
2010,3,0.353005784141755
2010,3,0.327800045339411
2010,3,0.307730930793429
2010,3,0.289859010141888
2010,4,0.274505194392727
2010,4,0.266435171936251
2010,4,0.253434965439921
2010,4,0.267402534293541
2010,5,0.26682886167776
2010,5,0.281120427761636
2010,5,0.349042681893526
2010,5,0.37878511139018
2010,5,0.408355301624924
2010,6,0.44133944293126
2010,6,0.459599834802936
2010,6,0.4728612759902
2010,6,0.483280811440794
2010,7,0.492008143137869
2010,7,0.514122104422052
2010,7,0.535527917967089
2010,7,0.537922882598981
2010,8,0.54500733398649
2010,8,0.559314106729424
2010,8,0.569566705609181
2010,8,0.591943220242925
2010,8,0.58345195649661
2010,9,0.577086594909192
2010,9,0.59414919584269
2010,9,0.601888711945476
2010,9,0.599515743661741
2010,10,0.652451021651814
2010,10,0.637960085606196
2010,10,0.622168671588911
2010,10,0.632475531868332
2010,11,0.638178085128112
2010,11,0.621729193530829
2010,11,0.598386410745889
2010,11,0.571533695375268
2010,11,0.542094501249639
2010,12,0.514609559208895
2010,12,0.484401446821023
2010,12,0.454583881839209
2010,12,0.427455426532758
2011,1,0.402455398476192
2011,1,0.38027017351303
2011,1,0.362181263375968
2011,1,0.336421463497846
2011,1,0.318025951201775
2011,1,
2011,2,0.29761067473798
2011,2,0.270709982638597
2011,2,0.24338897511607
2011,2,0.218259578231247
2011,3,0.195677086314344
2011,3,0.17292914482463
2011,3,0.16671632678942
2011,3,0.151801989098341
2011,4,0.174923391545098
2011,4,0.191266397660307
2011,4,0.221693982539838
2011,4,0.255311669174924
2011,5,0.265311674786237
2011,5,0.301059247612667
2011,5,0.326815961268471
2011,5,0.365676634603622
2011,5,0.410958838772379
2011,6,0.468820400939558
2011,6,0.511591177668769
2011,6,0.537265068340185
2011,6,0.597146871636719
2011,7,0.626852154239291
2011,7,0.644287626941935
2011,7,0.677670620398022
2011,7,0.691615687885287
2011,8,0.69399230352267
2011,8,0.693298071840522
2011,8,0.687025016356978
2011,8,0.695166358605566
2011,8,0.705139738535245
2011,9,0.739139920341796
2011,9,0.77084204489724
2011,9,0.794011101422244
2011,9,0.804088795666271
2011,10,0.824459265793322
2011,10,0.827033231319657
2011,10,0.832099629990001
2011,10,0.832008558375053
2011,10,0.844380045272076
2011,11,0.835504013772407
2011,11,0.816931632880949
2011,11,0.823656286859314
2011,11,0.849550477691102
2011,12,0.836014531056936
2011,12,0.82419082056479
2011,12,0.808600459903238
2011,12,0.831732762326091
2012,1,0.81970704455495
2012,1,0.800631048294329
2012,1,0.77279220072341
2012,1,0.741967180550739
2012,1,0.707152684957304
2012,2,0.670736832772763
2012,2,0.637791746207033
2012,2,0.620658723291551
2012,2,0.611044018508356
2012,3,0.592223280889999
2012,3,0.584533368796833
2012,3,0.586457768694932
2012,3,0.593830697699474
2012,4,0.576163870549247
2012,4,0.556875149401217
2012,4,0.528568711092556
2012,4,0.514187420108927
2012,4,0.512366212262515
2012,5,0.507683402969731
2012,5,0.508379879177202
2012,5,0.561713167620029
2012,5,0.596916078320467
2012,6,0.609627274125
2012,6,0.64330390760636
2012,6,0.687422577904668
2012,6,0.728467763566192
2012,7,0.779168223806109
2012,7,0.822252672949093
2012,7,0.837883491179577
2012,7,0.863224855424513
2012,7,0.870786549008649
2012,8,0.87509581317469
2012,8,0.876281203110463
2012,8,0.876837508711564
2012,8,0.887415002631706
2012,9,0.901378475226613
2012,9,0.924562457845009
2012,9,0.933822247061636
2012,9,0.92583729211487
2012,10,0.945452198905345
2012,10,0.933847105179579
2012,10,0.931092960383006
2012,10,0.915893876598242
2012,10,0.904966517293507
2012,11,0.899607320294886
2012,11,0.904172965365852
2012,11,0.917431095878266
2012,11,0.895029779239712
2012,12,0.862688694438179
2012,12,0.832308651410628
2012,12,0.801567295919341
2012,12,0.781944982195303
2012,12,
2013,1,0.773395304677479
2013,1,0.745930395025234
2013,1,0.710458646304333
2013,1,0.675493655288046
2013,1,
2013,2,0.649521186635647
2013,2,0.618958158681207
2013,2,0.586274447089243
2013,2,0.554157365914863
2013,3,0.524302878491499
2013,3,0.49627111396914
2013,3,0.463605302466621
2013,3,0.430104808109919
2013,4,0.397273042016392
2013,4,0.364794087246944
2013,4,0.333690268972692
2013,4,0.339656750353793
2013,4,0.330265347783587
2013,5,0.317978255038679
2013,5,0.352688716883432
2013,5,0.426908042919813
2013,5,0.506150560514086
2013,6,0.573321347568113
2013,6,0.602187794944656
2013,6,0.63428675157706
2013,6,0.663831326166564
2013,7,0.700827556486285
2013,7,0.716146946828317
2013,7,0.721555916175957
2013,7,0.724697634382537
2013,7,0.717064789345687
2013,8,0.713399647833977
2013,8,0.739635455419799
2013,8,0.751346995758969
2013,8,0.761512282603694
2013,9,0.752385088720475
2013,9,0.751514493461137
2013,9,0.748073411689712
2013,9,0.763231757339878
2013,9,0.753099745583055
2013,10,0.739324588662678
2013,10,0.736838440189573
2013,10,0.717780175678997
2013,10,0.752238857895735
2013,11,0.772251550686432
2013,11,0.769639764908418
2013,11,0.768514247685614
2013,11,0.754697286481112
2013,12,0.736337013232599
2013,12,0.720413340560705
2013,12,0.710447423677722
2013,12,0.71186512198434
2013,12,0.719335407274731
2014,1,0.718472723967154
2014,1,0.707877273844434
2014,1,0.675779888379756
2014,1,0.643288981512967
2014,1,
2014,2,0.612352857336848
2014,2,0.586473255919655
2014,2,0.565005774041391
2014,2,0.540419131436036
2014,3,0.523145601235387
2014,3,0.503672043427076
2014,3,0.488618068204391
2014,3,0.481833822078722
2014,3,0.457896436479372
2014,4,0.431745023045664
2014,4,0.424650274898239
2014,4,0.409342079126251
2014,4,0.415034728418047
2014,5,0.421683152705158
2014,5,0.422732804972072
2014,5,0.446831375546121
2014,5,0.534351674472003
2014,6,0.600917056933507
2014,6,0.65999268284745
2014,6,0.715312937331731
2014,6,0.749790080769244
2014,6,0.75890380750053
2014,7,0.776282269259991
2014,7,0.822155036097578
2014,7,0.832480413710907
2014,7,0.832736345710768
2014,8,0.832579060598817
2014,8,0.838889655768374
2014,8,0.856908312262852
2014,8,0.856388143519438
2014,9,0.853780117321339
2014,9,0.854531640512335
2014,9,0.857691707713424
2014,9,0.837080512245569
2014,9,0.826364082207984
2014,10,0.81449997026004
2014,10,0.837598436463661
2014,10,0.832043124065015
2014,10,0.873223879055998
2014,11,0.915610224710653
2014,11,0.914936811000868
2014,11,0.90760456401779
2014,11,0.88489945087688
2014,12,0.862149783908325
2014,12,0.83506571409012
2014,12,0.814904097044297
2014,12,0.7962992266488
2014,12,0.774557800454965
2015,1,0.759460056988498
2015,1,0.740929873173097
2015,1,0.722406984064992
2015,1,0.690055013315646
2015,1,0.893530155758835
2015,2,0.659623682884484
2015,2,0.624167982519637
2015,2,0.591314584813317
2015,2,0.568499097139689
2015,3,0.545912607162056
2015,3,0.525874831800884
2015,3,0.508543953978253
2015,3,0.480704320823471
2015,3,0.450314317714804
2015,4,0.423557696084538
2015,4,0.404562895527447
2015,4,0.385625246196371
2015,4,0.377957611017028
2015,5,0.358873281956149
2015,5,0.366620457501596
2015,5,0.386666874285259
2015,5,0.392857639859178
2015,6,0.401595436655567
2015,6,0.438404585789686
2015,6,0.479975579564495
2015,6,0.515001621669545
2015,6,0.553206977780322
2015,7,0.623709650448849
2015,7,0.689968991882674
2015,7,0.729469495217478
2015,7,0.763498575287552
2015,8,0.788205019431978
2015,8,0.819821122554449
2015,8,0.850897305110672
2015,8,0.87295919340738
2015,8,0.912873980003524
2015,9,0.935965095386715
2015,9,0.926215887423588
2015,9,0.951462476586795
2015,9,0.949163745978091
2015,10,0.935517200358675
2015,10,0.921395039823491
2015,10,0.899535439371443
2015,10,0.893826489214495
2015,11,0.881073433012703
2015,11,0.872262773313043
2015,11,0.88764214859431
2015,11,0.872244143752869
2015,11,0.862421708151106
2015,12,0.88926987835795
2015,12,0.896756660909459
2015,12,0.901822891240403
2015,12,0.914237921928676
2016,1,0.859953347541179
2016,1,0.823706508113398
2016,1,0.784828916668631
2016,1,0.776965727220593
2016,1,
2016,2,0.761777585496775
2016,2,0.735800627793733
2016,2,0.706033340179136
2016,2,0.671579315352441
2016,2,0.636441215320681
2016,3,0.597683200962452
2016,3,0.569802605220541
2016,3,0.546970900851461
2016,3,0.527517431544783
2016,4,0.511296415380834
2016,4,0.490734487243801
2016,4,0.474047395396703
2016,4,0.44807714321306
2016,5,0.446448992600922
2016,5,0.471422984163752
2016,5,0.498537916205136
2016,5,0.557237191335683
2016,5,0.644618694426956
2016,6,0.677215935680882
2016,6,0.698050854210225
2016,6,0.729818855583874
2016,6,0.762191251513652
2016,7,0.77022255590832
2016,7,0.784678870150843
2016,7,0.787921872562586
2016,7,0.80485782615478
2016,8,0.820183725620247
2016,8,0.844777606819766
2016,8,0.840820059771709
2016,8,0.842676618891945
2016,8,0.843329158516234
2016,9,0.848802826306286
2016,9,0.845382506394092
2016,9,0.832461279132536
2016,9,0.872965870870214
2016,10,0.861135090123303
2016,10,0.836668305170152
2016,10,0.812653792069419
2016,10,0.797635448686223
2016,10,0.777014208967552
2016,11,0.745293062060003
2016,11,0.734321766172086
2016,11,0.725143509337786
2016,11,0.700450700684692
2016,12,0.702394122934896
2016,12,0.674573287679688
2016,12,0.66449188996888
2016,12,0.677671854886949
2017,1,0.657297681293116
2017,1,0.639534227327769
2017,1,0.622118450334827
2017,1,0.601309175507291
2017,1,0.575226893453505
2017,1,
2017,2,0.545761887286672
2017,2,0.521207846411621
2017,2,0.510501123946055
2017,2,0.49093857070872
2017,3,0.463996607399976
2017,3,0.449009575145024
2017,3,0.427709647082061
2017,3,0.424877533087109
2017,4,0.430225872194484
2017,4,0.426592715168614
2017,4,0.408106608219227
2017,4,0.380606712028523
2017,5,0.373409894092073
2017,5,0.370521891416598
2017,5,0.468274476268073
2017,5,0.525769114658209
2017,5,0.56890861078472
2017,6,0.652583560872088
2017,6,0.696052160523962
2017,6,0.724001382627598
2017,6,0.738631984261388
2017,7,0.739370208639851
2017,7,0.740546508248069
2017,7,0.741810344343852
2017,7,0.748413625615421
2017,7,0.778348186479653
2017,8,0.787337285942426
2017,8,0.79849902980393
2017,8,0.793373880683278
2017,8,0.780979106836039
2017,9,0.797074710147611
2017,9,0.823083820675894
2017,9,0.823070353523961
2017,9,0.836145274656952
2017,10,0.878209643154142
2017,10,0.886164072556526
2017,10,0.89024467570537
2017,10,0.905700701526389
2017,10,0.90456626231543
2017,11,0.892181196040208
2017,11,0.874873773507194
2017,11,0.871895456744069
2017,11,0.846848013090072
2017,12,0.856929747479679
2017,12,0.828042874922704
2017,12,0.8247116626658
2017,12,0.819165216142177
2018,1,0.793894666671156
2018,1,0.762394268829042
2018,1,0.731388339915404
2018,1,0.707339373350975
2018,1,0.67978479491211
2018,2,0.647168699645477
2018,2,0.613890693861335
2018,2,0.576110450846579
2018,2,0.53783248434163
2018,3,0.501250817848914
2018,3,0.467332701499455
2018,3,0.433669058208397
2018,3,0.403394844549788
2018,4,0.376716556853265
2018,4,0.357034089850593
2018,4,0.375922471850847
2018,4,0.392899864991802
2018,4,0.406419370477983
2018,5,0.501784341517995
2018,5,0.55611683652112
2018,5,0.591928743054597
2018,5,0.631404781063389
2018,6,0.644391548464352
2018,6,0.662791325358535
2018,6,0.672435489536584
2018,6,0.667088020182772
2018,7,0.655081998121332
2018,7,0.640516038816821
2018,7,0.626163365531049
2018,7,0.613272327135077
2018,7,0.614217833427042
2018,8,0.628684584712314
2018,8,0.649715338076015
2018,8,0.651936351995439
2018,8,0.645833207078784
2018,9,0.65653055865113
2018,9,0.714256944280781
2018,9,0.762715853194577
2018,9,0.792781662677023
2018,10,0.795398330297613
2018,10,0.827009327124976
2018,10,0.827909494005434
2018,10,0.83417542312108
2018,10,0.817942062067859
2018,11,0.817023882871691
2018,11,0.825211967360113
2018,11,0.796354610311125
2018,11,0.776213362332601
2018,12,0.757210032579285
2018,12,0.72226142659785
2018,12,0.692324677321428
2018,12,0.675707109646184
2018,12,
2019,1,0.661513236526956
2019,1,0.640588480871594
2019,1,0.612380408885178
2019,1,0.577629040566428
2019,1,
2019,2,0.546193677845525
2019,2,0.523988981625193
2019,2,0.508529645129324
2019,2,0.498248372438576
2019,3,0.488273253001772
2019,3,0.473604606663771
2019,3,0.458388127807761
2019,3,0.450680119229185
2019,4,0.447677757988546
2019,4,0.436878981928204
2019,4,0.418582256802876
2019,4,0.408923839889031
2019,4,0.461791697949738
2019,5,0.50858413098152
2019,5,0.509849089339964
2019,5,0.526521367319936
2019,5,0.589591294384085
2019,6,0.611013885755906
2019,6,0.661498366546697
2019,6,0.696102213438646
2019,6,0.721531001944881
2019,7,0.734513841426531
2019,7,0.74506243708315
2019,7,0.740102260573678
2019,7,0.738463308183427
2019,7,0.742319514913187
2019,8,0.737597538653532
2019,8,0.739736178493632
2019,8,0.758986069353588
2019,8,0.786033553409041
2019,9,0.794647536577346
2019,9,0.807264798997146
2019,9,0.836547998612883
2019,9,0.846216347551279
2019,9,0.845128538353888
2019,10,0.834881045769238
2019,10,0.843175464644798
2019,10,0.85137494009923
2019,10,0.860652124387104
2019,11,0.847645156258242
2019,11,0.819869660414541
2019,11,0.796685790022412
2019,11,0.77764946574686
2019,12,0.752915694506637
2019,12,0.739594043927605
2019,12,0.728983723824626
2019,12,0.716694723233194
2019,12,0.705637630364836
2020,1,0.716255862419576
2020,1,0.725944243746472
2020,1,0.723951161373515
2020,1,0.718062200285728
2020,1,0.885053425313981
2020,2,0.704739090765237
2020,2,0.686179447554983
2020,2,0.67533648240236
2020,2,0.671628919362061
2020,3,0.646835107069469
2020,3,0.621067339126453
2020,3,0.600828454296414
2020,3,0.578525952885169
2020,3,0.551909922709771
2020,4,0.524319880770815
2020,4,0.505219699749848
2020,4,0.4908621446215
2020,4,0.482755985307337
2020,5,0.464807386059478
2020,5,0.450518513405989
2020,5,0.432884428268899
2020,5,0.445675220552669
2020,6,0.491523718460211
2020,6,0.570266436378369
2020,6,0.654819164206106
2020,6,0.74024338510331
2020,6,0.809724237618918
2020,7,0.853196428511307
2020,7,0.870370021221987
2020,7,0.892793502548097
2020,7,0.905010173311023
2020,8,0.943344252949026
2020,8,0.946598702439911
2020,8,0.935136360524635
2020,8,0.940006980473752
2020,8,0.933478890800476
2020,9,0.930398784813991
2020,9,0.94549215145608
2020,9,0.939269990584216
2020,9,0.939861759685407
2020,10,0.949105949451045
2020,10,0.960208493957177
2020,10,0.943296556785929
2020,10,0.950580490361447
2020,11,0.958790851763692
2020,11,0.972034561200911
2020,11,0.962983625065512
2020,11,0.98538410000707
2020,11,0.978650075135485
2020,12,0.956209872095725
2020,12,0.929320739301751
2020,12,0.919463232991829
2020,12,0.910110520426864
2021,1,0.850445706615851
2021,1,0.815885964646482
2021,1,0.792251393569659
2021,1,0.7530972766052
2021,1,
2021,2,0.718697962083234
2021,2,0.679948084129298
2021,2,0.650086189772371
2021,2,0.649294601804374
2021,3,0.620860393891749
2021,3,0.598447517947786
2021,3,0.56789947219987
2021,3,0.548767250579929
2021,3,0.57078379946513
2021,4,0.555862868480916
2021,4,0.524802397601949
2021,4,0.50480968108662
2021,4,0.473676038682149
2021,5,0.454531864964868
2021,5,0.489673668463409
2021,5,0.525930888820805
2021,5,0.571184335008871
2021,5,0.610621093824525
2021,6,0.633811080548158
2021,6,0.660470486175407
2021,6,0.665177087436606
2021,6,0.655248654126504
2021,7,0.667657175691342
2021,7,0.661148332822704
2021,7,0.646490347979983
2021,7,0.652526437702639
2021,8,0.641322272312546
2021,8,0.630780241892494
2021,8,0.612152926243776
2021,8,0.591533089353431
2021,8,0.571903088130165
2021,9,0.553629846351019
2021,9,0.530522794838041
2021,9,0.521405252413706
2021,9,0.548311163034464
2021,10,0.561701720540886
2021,10,0.565234322832322
2021,10,0.574058225231383
2021,10,0.613870156454638
2021,11,0.636641426979419
2021,11,0.631593096737919
2021,11,0.635056174857501
2021,11,0.613702602639337
2021,11,0.582801941963309
2021,12,0.546647520865668
2021,12,0.533296747570582
2021,12,0.501772726099453
2021,12,0.494875524236946
2022,1,0.474744152169839
2022,1,0.46303171402054
2022,1,0.441059242001353
2022,1,0.433703539728659
2022,1,0.419494095215009
2022,1,
2022,2,0.405762650425281
2022,2,0.394902374371112
2022,2,0.374559764414622
2022,2,0.340995301086238
2022,3,0.312192850737944
2022,3,0.28064228775488
2022,3,0.254732469415537
2022,3,0.231716237008407
2022,4,0.214362142376975
2022,4,0.194839247096426
2022,4,0.195521989614581
2022,4,0.186804225206693
2022,5,0.188148850185791
2022,5,0.225939586356428
2022,5,0.251839416558088
2022,5,0.306144360012884
2022,5,0.336032767825178
2022,6,0.378364487344805
2022,6,0.412785882384629
2022,6,0.434225167413532
2022,6,0.457075276890255
2022,7,0.474907216934495
2022,7,0.482272402326675
2022,7,0.483987331899082
2022,7,0.491947316501638
2022,8,0.503465154305505
2022,8,0.501210472506248
2022,8,0.500931085216771
2022,8,0.503042678526738
2022,8,0.501679690524849
2022,9,0.497289174542145
2022,9,0.5064561526367
2022,9,0.505143161436362
2022,9,0.531015299806859
2022,10,0.591590493088545
2022,10,0.624237001673294
2022,10,0.642982884372156
2022,10,0.666285377927562
2022,10,0.70596140314256
2022,11,0.751091175985375
2022,11,0.743152626599645
2022,11,0.727927506321144
2022,11,0.708097012873475
2022,12,0.676986545192956
2022,12,0.645017939368637
2022,12,0.629928500645862
2022,12,0.630043027550426
2023,1,0.620770107860664
2023,1,0.618837290992608
2023,1,0.58940931949359
2023,1,0.564346276388604
2023,1,0.544841575791448
2023,1,
2023,2,0.527052085332364
2023,2,0.510472057343133
2023,2,0.495270672919914
2023,2,0.466967489172971
2023,3,0.43637772331063
2023,3,0.415827017800208
2023,3,0.403846414988042
2023,3,0.380765961100132
2023,4,0.353839597242376
2023,4,0.344411833361951
2023,4,0.342461228630716
2023,4,0.335440970667421
2023,5,0.325587757012178
2023,5,0.359691635888613
2023,5,0.400858643161997
2023,5,0.461495841455709
2023,5,0.508157615057174
2023,6,0.557256550366587
2023,6,0.599610238177805
2023,6,0.635387017889989
2023,6,0.664537566059186
2023,7,0.681798078012967
2023,7,0.711259212373619
2023,7,0.737675704247876
2023,7,0.736617859463536
2023,7,0.733724105191924
2023,8,0.753901602254401
2023,8,0.773703870796144
2023,8,0.771542449024024
2023,8,0.760785336964975
2023,9,0.747713782619967
2023,9,0.746043687440871
2023,9,0.807247740604698
2023,9,0.827551436103414
2023,10,0.840490563454414
2023,10,0.865593559110135
2023,10,0.865547770793563
2023,10,0.847645773502705
2023,10,0.839152321344201
2023,11,0.813406605862476
2023,11,0.784040751601749
2023,11,0.761410717832866
2023,11,0.72878850623473
2023,12,0.700526453414316
2023,12,0.685638573065472
2023,12,0.694723401533235
2023,12,0.686469384113474
2024,1,0.657668645215738
2024,1,0.62189859907952
2024,1,0.588884100568202
2024,1,0.578011732133859
2024,1,0.569366269497911
2024,2,0.541552504497468
2024,2,0.512553012882453
2024,2,0.486242069811471
2024,2,0.46127916059242
2024,3,0.437198321768417
2024,3,0.418166795165741
2024,3,0.394440254663843
2024,3,0.377437750895846
2024,4,0.368825338895267
2024,4,0.403482437150485
2024,4,0.397610871133945
2024,4,0.373247137949649
2024,4,0.412119510873042
2024,5,0.460301473418648
2024,5,0.532900083833021
2024,5,0.603244910258266
2024,5,0.67641396678327
2024,6,0.708379037480206
2024,6,0.729351433185531
2024,6,0.756061284519397
2024,6,0.768050865432851
2024,7,0.773492548737062
2024,7,0.785160938076913
2024,7,0.783965054985259
2024,7,0.785409519256344
2024,7,0.771029574987908
2024,8,0.786780643662527
2024,8,0.788368308649166
2024,8,0.812131378800683
2024,8,0.827736104424296
2024,9,0.829943931757452
2024,9,0.844358048923918
2024,9,0.833224529968341
2024,9,
2024,9,
2024,10,
2024,10,
2024,10,
2024,10,
2024,11,
2024,11,
2024,11,
2024,11,
2024,12,
2024,12,
2024,12,
2024,12,
2024,12,
